-- MySQL dump 10.13  Distrib 9.2.0, for Linux (x86_64)
--
-- Host: localhost    Database: mysqlD2
-- ------------------------------------------------------
-- Server version	9.2.0

/*!40101 SET @OLD_CHARACTER_SET_CLIENT=@@CHARACTER_SET_CLIENT */;
/*!40101 SET @OLD_CHARACTER_SET_RESULTS=@@CHARACTER_SET_RESULTS */;
/*!40101 SET @OLD_COLLATION_CONNECTION=@@COLLATION_CONNECTION */;
/*!50503 SET NAMES utf8mb4 */;
/*!40103 SET @OLD_TIME_ZONE=@@TIME_ZONE */;
/*!40103 SET TIME_ZONE='+00:00' */;
/*!40014 SET @OLD_UNIQUE_CHECKS=@@UNIQUE_CHECKS, UNIQUE_CHECKS=0 */;
/*!40014 SET @OLD_FOREIGN_KEY_CHECKS=@@FOREIGN_KEY_CHECKS, FOREIGN_KEY_CHECKS=0 */;
/*!40101 SET @OLD_SQL_MODE=@@SQL_MODE, SQL_MODE='NO_AUTO_VALUE_ON_ZERO' */;
/*!40111 SET @OLD_SQL_NOTES=@@SQL_NOTES, SQL_NOTES=0 */;

--
-- Table structure for table `clientes`
--

DROP TABLE IF EXISTS `clientes`;
/*!40101 SET @saved_cs_client     = @@character_set_client */;
/*!50503 SET character_set_client = utf8mb4 */;
CREATE TABLE `clientes` (
  `id_cliente` int NOT NULL AUTO_INCREMENT,
  `nombre` varchar(100) NOT NULL,
  `telefono` varchar(20) DEFAULT NULL,
  `direccion` varchar(150) DEFAULT NULL,
  PRIMARY KEY (`id_cliente`)
) ENGINE=InnoDB AUTO_INCREMENT=501 DEFAULT CHARSET=utf8mb4 COLLATE=utf8mb4_0900_ai_ci;
/*!40101 SET character_set_client = @saved_cs_client */;

--
-- Dumping data for table `clientes`
--

LOCK TABLES `clientes` WRITE;
/*!40000 ALTER TABLE `clientes` DISABLE KEYS */;
INSERT INTO `clientes` VALUES (1,'Cliente 1','5550000001','Calle #1'),(2,'Cliente 2','5550000002','Calle #2'),(3,'Cliente 3','5550000003','Calle #3'),(4,'Cliente 4','5550000004','Calle #4'),(5,'Cliente 5','5550000005','Calle #5'),(6,'Cliente 6','5550000006','Calle #6'),(7,'Cliente 7','5550000007','Calle #7'),(8,'Cliente 8','5550000008','Calle #8'),(9,'Cliente 9','5550000009','Calle #9'),(10,'Cliente 10','5550000010','Calle #10'),(11,'Cliente 11','5550000011','Calle #11'),(12,'Cliente 12','5550000012','Calle #12'),(13,'Cliente 13','5550000013','Calle #13'),(14,'Cliente 14','5550000014','Calle #14'),(15,'Cliente 15','5550000015','Calle #15'),(16,'Cliente 16','5550000016','Calle #16'),(17,'Cliente 17','5550000017','Calle #17'),(18,'Cliente 18','5550000018','Calle #18'),(19,'Cliente 19','5550000019','Calle #19'),(20,'Cliente 20','5550000020','Calle #20'),(21,'Cliente 21','5550000021','Calle #21'),(22,'Cliente 22','5550000022','Calle #22'),(23,'Cliente 23','5550000023','Calle #23'),(24,'Cliente 24','5550000024','Calle #24'),(25,'Cliente 25','5550000025','Calle #25'),(26,'Cliente 26','5550000026','Calle #26'),(27,'Cliente 27','5550000027','Calle #27'),(28,'Cliente 28','5550000028','Calle #28'),(29,'Cliente 29','5550000029','Calle #29'),(30,'Cliente 30','5550000030','Calle #30'),(31,'Cliente 31','5550000031','Calle #31'),(32,'Cliente 32','5550000032','Calle #32'),(33,'Cliente 33','5550000033','Calle #33'),(34,'Cliente 34','5550000034','Calle #34'),(35,'Cliente 35','5550000035','Calle #35'),(36,'Cliente 36','5550000036','Calle #36'),(37,'Cliente 37','5550000037','Calle #37'),(38,'Cliente 38','5550000038','Calle #38'),(39,'Cliente 39','5550000039','Calle #39'),(40,'Cliente 40','5550000040','Calle #40'),(41,'Cliente 41','5550000041','Calle #41'),(42,'Cliente 42','5550000042','Calle #42'),(43,'Cliente 43','5550000043','Calle #43'),(44,'Cliente 44','5550000044','Calle #44'),(45,'Cliente 45','5550000045','Calle #45'),(46,'Cliente 46','5550000046','Calle #46'),(47,'Cliente 47','5550000047','Calle #47'),(48,'Cliente 48','5550000048','Calle #48'),(49,'Cliente 49','5550000049','Calle #49'),(50,'Cliente 50','5550000050','Calle #50'),(51,'Cliente 51','5550000051','Calle #51'),(52,'Cliente 52','5550000052','Calle #52'),(53,'Cliente 53','5550000053','Calle #53'),(54,'Cliente 54','5550000054','Calle #54'),(55,'Cliente 55','5550000055','Calle #55'),(56,'Cliente 56','5550000056','Calle #56'),(57,'Cliente 57','5550000057','Calle #57'),(58,'Cliente 58','5550000058','Calle #58'),(59,'Cliente 59','5550000059','Calle #59'),(60,'Cliente 60','5550000060','Calle #60'),(61,'Cliente 61','5550000061','Calle #61'),(62,'Cliente 62','5550000062','Calle #62'),(63,'Cliente 63','5550000063','Calle #63'),(64,'Cliente 64','5550000064','Calle #64'),(65,'Cliente 65','5550000065','Calle #65'),(66,'Cliente 66','5550000066','Calle #66'),(67,'Cliente 67','5550000067','Calle #67'),(68,'Cliente 68','5550000068','Calle #68'),(69,'Cliente 69','5550000069','Calle #69'),(70,'Cliente 70','5550000070','Calle #70'),(71,'Cliente 71','5550000071','Calle #71'),(72,'Cliente 72','5550000072','Calle #72'),(73,'Cliente 73','5550000073','Calle #73'),(74,'Cliente 74','5550000074','Calle #74'),(75,'Cliente 75','5550000075','Calle #75'),(76,'Cliente 76','5550000076','Calle #76'),(77,'Cliente 77','5550000077','Calle #77'),(78,'Cliente 78','5550000078','Calle #78'),(79,'Cliente 79','5550000079','Calle #79'),(80,'Cliente 80','5550000080','Calle #80'),(81,'Cliente 81','5550000081','Calle #81'),(82,'Cliente 82','5550000082','Calle #82'),(83,'Cliente 83','5550000083','Calle #83'),(84,'Cliente 84','5550000084','Calle #84'),(85,'Cliente 85','5550000085','Calle #85'),(86,'Cliente 86','5550000086','Calle #86'),(87,'Cliente 87','5550000087','Calle #87'),(88,'Cliente 88','5550000088','Calle #88'),(89,'Cliente 89','5550000089','Calle #89'),(90,'Cliente 90','5550000090','Calle #90'),(91,'Cliente 91','5550000091','Calle #91'),(92,'Cliente 92','5550000092','Calle #92'),(93,'Cliente 93','5550000093','Calle #93'),(94,'Cliente 94','5550000094','Calle #94'),(95,'Cliente 95','5550000095','Calle #95'),(96,'Cliente 96','5550000096','Calle #96'),(97,'Cliente 97','5550000097','Calle #97'),(98,'Cliente 98','5550000098','Calle #98'),(99,'Cliente 99','5550000099','Calle #99'),(100,'Cliente 100','5550000100','Calle #100'),(101,'Cliente 101','5550000101','Calle #101'),(102,'Cliente 102','5550000102','Calle #102'),(103,'Cliente 103','5550000103','Calle #103'),(104,'Cliente 104','5550000104','Calle #104'),(105,'Cliente 105','5550000105','Calle #105'),(106,'Cliente 106','5550000106','Calle #106'),(107,'Cliente 107','5550000107','Calle #107'),(108,'Cliente 108','5550000108','Calle #108'),(109,'Cliente 109','5550000109','Calle #109'),(110,'Cliente 110','5550000110','Calle #110'),(111,'Cliente 111','5550000111','Calle #111'),(112,'Cliente 112','5550000112','Calle #112'),(113,'Cliente 113','5550000113','Calle #113'),(114,'Cliente 114','5550000114','Calle #114'),(115,'Cliente 115','5550000115','Calle #115'),(116,'Cliente 116','5550000116','Calle #116'),(117,'Cliente 117','5550000117','Calle #117'),(118,'Cliente 118','5550000118','Calle #118'),(119,'Cliente 119','5550000119','Calle #119'),(120,'Cliente 120','5550000120','Calle #120'),(121,'Cliente 121','5550000121','Calle #121'),(122,'Cliente 122','5550000122','Calle #122'),(123,'Cliente 123','5550000123','Calle #123'),(124,'Cliente 124','5550000124','Calle #124'),(125,'Cliente 125','5550000125','Calle #125'),(126,'Cliente 126','5550000126','Calle #126'),(127,'Cliente 127','5550000127','Calle #127'),(128,'Cliente 128','5550000128','Calle #128'),(129,'Cliente 129','5550000129','Calle #129'),(130,'Cliente 130','5550000130','Calle #130'),(131,'Cliente 131','5550000131','Calle #131'),(132,'Cliente 132','5550000132','Calle #132'),(133,'Cliente 133','5550000133','Calle #133'),(134,'Cliente 134','5550000134','Calle #134'),(135,'Cliente 135','5550000135','Calle #135'),(136,'Cliente 136','5550000136','Calle #136'),(137,'Cliente 137','5550000137','Calle #137'),(138,'Cliente 138','5550000138','Calle #138'),(139,'Cliente 139','5550000139','Calle #139'),(140,'Cliente 140','5550000140','Calle #140'),(141,'Cliente 141','5550000141','Calle #141'),(142,'Cliente 142','5550000142','Calle #142'),(143,'Cliente 143','5550000143','Calle #143'),(144,'Cliente 144','5550000144','Calle #144'),(145,'Cliente 145','5550000145','Calle #145'),(146,'Cliente 146','5550000146','Calle #146'),(147,'Cliente 147','5550000147','Calle #147'),(148,'Cliente 148','5550000148','Calle #148'),(149,'Cliente 149','5550000149','Calle #149'),(150,'Cliente 150','5550000150','Calle #150'),(151,'Cliente 151','5550000151','Calle #151'),(152,'Cliente 152','5550000152','Calle #152'),(153,'Cliente 153','5550000153','Calle #153'),(154,'Cliente 154','5550000154','Calle #154'),(155,'Cliente 155','5550000155','Calle #155'),(156,'Cliente 156','5550000156','Calle #156'),(157,'Cliente 157','5550000157','Calle #157'),(158,'Cliente 158','5550000158','Calle #158'),(159,'Cliente 159','5550000159','Calle #159'),(160,'Cliente 160','5550000160','Calle #160'),(161,'Cliente 161','5550000161','Calle #161'),(162,'Cliente 162','5550000162','Calle #162'),(163,'Cliente 163','5550000163','Calle #163'),(164,'Cliente 164','5550000164','Calle #164'),(165,'Cliente 165','5550000165','Calle #165'),(166,'Cliente 166','5550000166','Calle #166'),(167,'Cliente 167','5550000167','Calle #167'),(168,'Cliente 168','5550000168','Calle #168'),(169,'Cliente 169','5550000169','Calle #169'),(170,'Cliente 170','5550000170','Calle #170'),(171,'Cliente 171','5550000171','Calle #171'),(172,'Cliente 172','5550000172','Calle #172'),(173,'Cliente 173','5550000173','Calle #173'),(174,'Cliente 174','5550000174','Calle #174'),(175,'Cliente 175','5550000175','Calle #175'),(176,'Cliente 176','5550000176','Calle #176'),(177,'Cliente 177','5550000177','Calle #177'),(178,'Cliente 178','5550000178','Calle #178'),(179,'Cliente 179','5550000179','Calle #179'),(180,'Cliente 180','5550000180','Calle #180'),(181,'Cliente 181','5550000181','Calle #181'),(182,'Cliente 182','5550000182','Calle #182'),(183,'Cliente 183','5550000183','Calle #183'),(184,'Cliente 184','5550000184','Calle #184'),(185,'Cliente 185','5550000185','Calle #185'),(186,'Cliente 186','5550000186','Calle #186'),(187,'Cliente 187','5550000187','Calle #187'),(188,'Cliente 188','5550000188','Calle #188'),(189,'Cliente 189','5550000189','Calle #189'),(190,'Cliente 190','5550000190','Calle #190'),(191,'Cliente 191','5550000191','Calle #191'),(192,'Cliente 192','5550000192','Calle #192'),(193,'Cliente 193','5550000193','Calle #193'),(194,'Cliente 194','5550000194','Calle #194'),(195,'Cliente 195','5550000195','Calle #195'),(196,'Cliente 196','5550000196','Calle #196'),(197,'Cliente 197','5550000197','Calle #197'),(198,'Cliente 198','5550000198','Calle #198'),(199,'Cliente 199','5550000199','Calle #199'),(200,'Cliente 200','5550000200','Calle #200'),(201,'Cliente 201','5550000201','Calle #201'),(202,'Cliente 202','5550000202','Calle #202'),(203,'Cliente 203','5550000203','Calle #203'),(204,'Cliente 204','5550000204','Calle #204'),(205,'Cliente 205','5550000205','Calle #205'),(206,'Cliente 206','5550000206','Calle #206'),(207,'Cliente 207','5550000207','Calle #207'),(208,'Cliente 208','5550000208','Calle #208'),(209,'Cliente 209','5550000209','Calle #209'),(210,'Cliente 210','5550000210','Calle #210'),(211,'Cliente 211','5550000211','Calle #211'),(212,'Cliente 212','5550000212','Calle #212'),(213,'Cliente 213','5550000213','Calle #213'),(214,'Cliente 214','5550000214','Calle #214'),(215,'Cliente 215','5550000215','Calle #215'),(216,'Cliente 216','5550000216','Calle #216'),(217,'Cliente 217','5550000217','Calle #217'),(218,'Cliente 218','5550000218','Calle #218'),(219,'Cliente 219','5550000219','Calle #219'),(220,'Cliente 220','5550000220','Calle #220'),(221,'Cliente 221','5550000221','Calle #221'),(222,'Cliente 222','5550000222','Calle #222'),(223,'Cliente 223','5550000223','Calle #223'),(224,'Cliente 224','5550000224','Calle #224'),(225,'Cliente 225','5550000225','Calle #225'),(226,'Cliente 226','5550000226','Calle #226'),(227,'Cliente 227','5550000227','Calle #227'),(228,'Cliente 228','5550000228','Calle #228'),(229,'Cliente 229','5550000229','Calle #229'),(230,'Cliente 230','5550000230','Calle #230'),(231,'Cliente 231','5550000231','Calle #231'),(232,'Cliente 232','5550000232','Calle #232'),(233,'Cliente 233','5550000233','Calle #233'),(234,'Cliente 234','5550000234','Calle #234'),(235,'Cliente 235','5550000235','Calle #235'),(236,'Cliente 236','5550000236','Calle #236'),(237,'Cliente 237','5550000237','Calle #237'),(238,'Cliente 238','5550000238','Calle #238'),(239,'Cliente 239','5550000239','Calle #239'),(240,'Cliente 240','5550000240','Calle #240'),(241,'Cliente 241','5550000241','Calle #241'),(242,'Cliente 242','5550000242','Calle #242'),(243,'Cliente 243','5550000243','Calle #243'),(244,'Cliente 244','5550000244','Calle #244'),(245,'Cliente 245','5550000245','Calle #245'),(246,'Cliente 246','5550000246','Calle #246'),(247,'Cliente 247','5550000247','Calle #247'),(248,'Cliente 248','5550000248','Calle #248'),(249,'Cliente 249','5550000249','Calle #249'),(250,'Cliente 250','5550000250','Calle #250'),(251,'Cliente 251','5550000251','Calle #251'),(252,'Cliente 252','5550000252','Calle #252'),(253,'Cliente 253','5550000253','Calle #253'),(254,'Cliente 254','5550000254','Calle #254'),(255,'Cliente 255','5550000255','Calle #255'),(256,'Cliente 256','5550000256','Calle #256'),(257,'Cliente 257','5550000257','Calle #257'),(258,'Cliente 258','5550000258','Calle #258'),(259,'Cliente 259','5550000259','Calle #259'),(260,'Cliente 260','5550000260','Calle #260'),(261,'Cliente 261','5550000261','Calle #261'),(262,'Cliente 262','5550000262','Calle #262'),(263,'Cliente 263','5550000263','Calle #263'),(264,'Cliente 264','5550000264','Calle #264'),(265,'Cliente 265','5550000265','Calle #265'),(266,'Cliente 266','5550000266','Calle #266'),(267,'Cliente 267','5550000267','Calle #267'),(268,'Cliente 268','5550000268','Calle #268'),(269,'Cliente 269','5550000269','Calle #269'),(270,'Cliente 270','5550000270','Calle #270'),(271,'Cliente 271','5550000271','Calle #271'),(272,'Cliente 272','5550000272','Calle #272'),(273,'Cliente 273','5550000273','Calle #273'),(274,'Cliente 274','5550000274','Calle #274'),(275,'Cliente 275','5550000275','Calle #275'),(276,'Cliente 276','5550000276','Calle #276'),(277,'Cliente 277','5550000277','Calle #277'),(278,'Cliente 278','5550000278','Calle #278'),(279,'Cliente 279','5550000279','Calle #279'),(280,'Cliente 280','5550000280','Calle #280'),(281,'Cliente 281','5550000281','Calle #281'),(282,'Cliente 282','5550000282','Calle #282'),(283,'Cliente 283','5550000283','Calle #283'),(284,'Cliente 284','5550000284','Calle #284'),(285,'Cliente 285','5550000285','Calle #285'),(286,'Cliente 286','5550000286','Calle #286'),(287,'Cliente 287','5550000287','Calle #287'),(288,'Cliente 288','5550000288','Calle #288'),(289,'Cliente 289','5550000289','Calle #289'),(290,'Cliente 290','5550000290','Calle #290'),(291,'Cliente 291','5550000291','Calle #291'),(292,'Cliente 292','5550000292','Calle #292'),(293,'Cliente 293','5550000293','Calle #293'),(294,'Cliente 294','5550000294','Calle #294'),(295,'Cliente 295','5550000295','Calle #295'),(296,'Cliente 296','5550000296','Calle #296'),(297,'Cliente 297','5550000297','Calle #297'),(298,'Cliente 298','5550000298','Calle #298'),(299,'Cliente 299','5550000299','Calle #299'),(300,'Cliente 300','5550000300','Calle #300'),(301,'Cliente 301','5550000301','Calle #301'),(302,'Cliente 302','5550000302','Calle #302'),(303,'Cliente 303','5550000303','Calle #303'),(304,'Cliente 304','5550000304','Calle #304'),(305,'Cliente 305','5550000305','Calle #305'),(306,'Cliente 306','5550000306','Calle #306'),(307,'Cliente 307','5550000307','Calle #307'),(308,'Cliente 308','5550000308','Calle #308'),(309,'Cliente 309','5550000309','Calle #309'),(310,'Cliente 310','5550000310','Calle #310'),(311,'Cliente 311','5550000311','Calle #311'),(312,'Cliente 312','5550000312','Calle #312'),(313,'Cliente 313','5550000313','Calle #313'),(314,'Cliente 314','5550000314','Calle #314'),(315,'Cliente 315','5550000315','Calle #315'),(316,'Cliente 316','5550000316','Calle #316'),(317,'Cliente 317','5550000317','Calle #317'),(318,'Cliente 318','5550000318','Calle #318'),(319,'Cliente 319','5550000319','Calle #319'),(320,'Cliente 320','5550000320','Calle #320'),(321,'Cliente 321','5550000321','Calle #321'),(322,'Cliente 322','5550000322','Calle #322'),(323,'Cliente 323','5550000323','Calle #323'),(324,'Cliente 324','5550000324','Calle #324'),(325,'Cliente 325','5550000325','Calle #325'),(326,'Cliente 326','5550000326','Calle #326'),(327,'Cliente 327','5550000327','Calle #327'),(328,'Cliente 328','5550000328','Calle #328'),(329,'Cliente 329','5550000329','Calle #329'),(330,'Cliente 330','5550000330','Calle #330'),(331,'Cliente 331','5550000331','Calle #331'),(332,'Cliente 332','5550000332','Calle #332'),(333,'Cliente 333','5550000333','Calle #333'),(334,'Cliente 334','5550000334','Calle #334'),(335,'Cliente 335','5550000335','Calle #335'),(336,'Cliente 336','5550000336','Calle #336'),(337,'Cliente 337','5550000337','Calle #337'),(338,'Cliente 338','5550000338','Calle #338'),(339,'Cliente 339','5550000339','Calle #339'),(340,'Cliente 340','5550000340','Calle #340'),(341,'Cliente 341','5550000341','Calle #341'),(342,'Cliente 342','5550000342','Calle #342'),(343,'Cliente 343','5550000343','Calle #343'),(344,'Cliente 344','5550000344','Calle #344'),(345,'Cliente 345','5550000345','Calle #345'),(346,'Cliente 346','5550000346','Calle #346'),(347,'Cliente 347','5550000347','Calle #347'),(348,'Cliente 348','5550000348','Calle #348'),(349,'Cliente 349','5550000349','Calle #349'),(350,'Cliente 350','5550000350','Calle #350'),(351,'Cliente 351','5550000351','Calle #351'),(352,'Cliente 352','5550000352','Calle #352'),(353,'Cliente 353','5550000353','Calle #353'),(354,'Cliente 354','5550000354','Calle #354'),(355,'Cliente 355','5550000355','Calle #355'),(356,'Cliente 356','5550000356','Calle #356'),(357,'Cliente 357','5550000357','Calle #357'),(358,'Cliente 358','5550000358','Calle #358'),(359,'Cliente 359','5550000359','Calle #359'),(360,'Cliente 360','5550000360','Calle #360'),(361,'Cliente 361','5550000361','Calle #361'),(362,'Cliente 362','5550000362','Calle #362'),(363,'Cliente 363','5550000363','Calle #363'),(364,'Cliente 364','5550000364','Calle #364'),(365,'Cliente 365','5550000365','Calle #365'),(366,'Cliente 366','5550000366','Calle #366'),(367,'Cliente 367','5550000367','Calle #367'),(368,'Cliente 368','5550000368','Calle #368'),(369,'Cliente 369','5550000369','Calle #369'),(370,'Cliente 370','5550000370','Calle #370'),(371,'Cliente 371','5550000371','Calle #371'),(372,'Cliente 372','5550000372','Calle #372'),(373,'Cliente 373','5550000373','Calle #373'),(374,'Cliente 374','5550000374','Calle #374'),(375,'Cliente 375','5550000375','Calle #375'),(376,'Cliente 376','5550000376','Calle #376'),(377,'Cliente 377','5550000377','Calle #377'),(378,'Cliente 378','5550000378','Calle #378'),(379,'Cliente 379','5550000379','Calle #379'),(380,'Cliente 380','5550000380','Calle #380'),(381,'Cliente 381','5550000381','Calle #381'),(382,'Cliente 382','5550000382','Calle #382'),(383,'Cliente 383','5550000383','Calle #383'),(384,'Cliente 384','5550000384','Calle #384'),(385,'Cliente 385','5550000385','Calle #385'),(386,'Cliente 386','5550000386','Calle #386'),(387,'Cliente 387','5550000387','Calle #387'),(388,'Cliente 388','5550000388','Calle #388'),(389,'Cliente 389','5550000389','Calle #389'),(390,'Cliente 390','5550000390','Calle #390'),(391,'Cliente 391','5550000391','Calle #391'),(392,'Cliente 392','5550000392','Calle #392'),(393,'Cliente 393','5550000393','Calle #393'),(394,'Cliente 394','5550000394','Calle #394'),(395,'Cliente 395','5550000395','Calle #395'),(396,'Cliente 396','5550000396','Calle #396'),(397,'Cliente 397','5550000397','Calle #397'),(398,'Cliente 398','5550000398','Calle #398'),(399,'Cliente 399','5550000399','Calle #399'),(400,'Cliente 400','5550000400','Calle #400'),(401,'Cliente 401','5550000401','Calle #401'),(402,'Cliente 402','5550000402','Calle #402'),(403,'Cliente 403','5550000403','Calle #403'),(404,'Cliente 404','5550000404','Calle #404'),(405,'Cliente 405','5550000405','Calle #405'),(406,'Cliente 406','5550000406','Calle #406'),(407,'Cliente 407','5550000407','Calle #407'),(408,'Cliente 408','5550000408','Calle #408'),(409,'Cliente 409','5550000409','Calle #409'),(410,'Cliente 410','5550000410','Calle #410'),(411,'Cliente 411','5550000411','Calle #411'),(412,'Cliente 412','5550000412','Calle #412'),(413,'Cliente 413','5550000413','Calle #413'),(414,'Cliente 414','5550000414','Calle #414'),(415,'Cliente 415','5550000415','Calle #415'),(416,'Cliente 416','5550000416','Calle #416'),(417,'Cliente 417','5550000417','Calle #417'),(418,'Cliente 418','5550000418','Calle #418'),(419,'Cliente 419','5550000419','Calle #419'),(420,'Cliente 420','5550000420','Calle #420'),(421,'Cliente 421','5550000421','Calle #421'),(422,'Cliente 422','5550000422','Calle #422'),(423,'Cliente 423','5550000423','Calle #423'),(424,'Cliente 424','5550000424','Calle #424'),(425,'Cliente 425','5550000425','Calle #425'),(426,'Cliente 426','5550000426','Calle #426'),(427,'Cliente 427','5550000427','Calle #427'),(428,'Cliente 428','5550000428','Calle #428'),(429,'Cliente 429','5550000429','Calle #429'),(430,'Cliente 430','5550000430','Calle #430'),(431,'Cliente 431','5550000431','Calle #431'),(432,'Cliente 432','5550000432','Calle #432'),(433,'Cliente 433','5550000433','Calle #433'),(434,'Cliente 434','5550000434','Calle #434'),(435,'Cliente 435','5550000435','Calle #435'),(436,'Cliente 436','5550000436','Calle #436'),(437,'Cliente 437','5550000437','Calle #437'),(438,'Cliente 438','5550000438','Calle #438'),(439,'Cliente 439','5550000439','Calle #439'),(440,'Cliente 440','5550000440','Calle #440'),(441,'Cliente 441','5550000441','Calle #441'),(442,'Cliente 442','5550000442','Calle #442'),(443,'Cliente 443','5550000443','Calle #443'),(444,'Cliente 444','5550000444','Calle #444'),(445,'Cliente 445','5550000445','Calle #445'),(446,'Cliente 446','5550000446','Calle #446'),(447,'Cliente 447','5550000447','Calle #447'),(448,'Cliente 448','5550000448','Calle #448'),(449,'Cliente 449','5550000449','Calle #449'),(450,'Cliente 450','5550000450','Calle #450'),(451,'Cliente 451','5550000451','Calle #451'),(452,'Cliente 452','5550000452','Calle #452'),(453,'Cliente 453','5550000453','Calle #453'),(454,'Cliente 454','5550000454','Calle #454'),(455,'Cliente 455','5550000455','Calle #455'),(456,'Cliente 456','5550000456','Calle #456'),(457,'Cliente 457','5550000457','Calle #457'),(458,'Cliente 458','5550000458','Calle #458'),(459,'Cliente 459','5550000459','Calle #459'),(460,'Cliente 460','5550000460','Calle #460'),(461,'Cliente 461','5550000461','Calle #461'),(462,'Cliente 462','5550000462','Calle #462'),(463,'Cliente 463','5550000463','Calle #463'),(464,'Cliente 464','5550000464','Calle #464'),(465,'Cliente 465','5550000465','Calle #465'),(466,'Cliente 466','5550000466','Calle #466'),(467,'Cliente 467','5550000467','Calle #467'),(468,'Cliente 468','5550000468','Calle #468'),(469,'Cliente 469','5550000469','Calle #469'),(470,'Cliente 470','5550000470','Calle #470'),(471,'Cliente 471','5550000471','Calle #471'),(472,'Cliente 472','5550000472','Calle #472'),(473,'Cliente 473','5550000473','Calle #473'),(474,'Cliente 474','5550000474','Calle #474'),(475,'Cliente 475','5550000475','Calle #475'),(476,'Cliente 476','5550000476','Calle #476'),(477,'Cliente 477','5550000477','Calle #477'),(478,'Cliente 478','5550000478','Calle #478'),(479,'Cliente 479','5550000479','Calle #479'),(480,'Cliente 480','5550000480','Calle #480'),(481,'Cliente 481','5550000481','Calle #481'),(482,'Cliente 482','5550000482','Calle #482'),(483,'Cliente 483','5550000483','Calle #483'),(484,'Cliente 484','5550000484','Calle #484'),(485,'Cliente 485','5550000485','Calle #485'),(486,'Cliente 486','5550000486','Calle #486'),(487,'Cliente 487','5550000487','Calle #487'),(488,'Cliente 488','5550000488','Calle #488'),(489,'Cliente 489','5550000489','Calle #489'),(490,'Cliente 490','5550000490','Calle #490'),(491,'Cliente 491','5550000491','Calle #491'),(492,'Cliente 492','5550000492','Calle #492'),(493,'Cliente 493','5550000493','Calle #493'),(494,'Cliente 494','5550000494','Calle #494'),(495,'Cliente 495','5550000495','Calle #495'),(496,'Cliente 496','5550000496','Calle #496'),(497,'Cliente 497','5550000497','Calle #497'),(498,'Cliente 498','5550000498','Calle #498'),(499,'Cliente 499','5550000499','Calle #499'),(500,'Cliente 500','5550000500','Calle #500');
/*!40000 ALTER TABLE `clientes` ENABLE KEYS */;
UNLOCK TABLES;

--
-- Table structure for table `contratos`
--

DROP TABLE IF EXISTS `contratos`;
/*!40101 SET @saved_cs_client     = @@character_set_client */;
/*!50503 SET character_set_client = utf8mb4 */;
CREATE TABLE `contratos` (
  `id_contrato` int NOT NULL AUTO_INCREMENT,
  `id_cliente` int NOT NULL,
  `id_vehiculo` int NOT NULL,
  `id_empleado` int NOT NULL,
  `fecha_inicio` date NOT NULL,
  `fecha_fin` date NOT NULL,
  `costo_renta` decimal(10,2) NOT NULL,
  `deposito` decimal(10,2) DEFAULT NULL,
  `estado_pago` enum('Pendiente','Pagado','Cancelado') NOT NULL DEFAULT 'Pendiente',
  PRIMARY KEY (`id_contrato`),
  KEY `id_cliente` (`id_cliente`),
  KEY `id_vehiculo` (`id_vehiculo`),
  KEY `id_empleado` (`id_empleado`),
  CONSTRAINT `contratos_ibfk_1` FOREIGN KEY (`id_cliente`) REFERENCES `clientes` (`id_cliente`) ON DELETE CASCADE,
  CONSTRAINT `contratos_ibfk_2` FOREIGN KEY (`id_vehiculo`) REFERENCES `vehiculos` (`id_vehiculo`) ON DELETE CASCADE,
  CONSTRAINT `contratos_ibfk_3` FOREIGN KEY (`id_empleado`) REFERENCES `empleados` (`id_empleado`) ON DELETE CASCADE
) ENGINE=InnoDB AUTO_INCREMENT=501 DEFAULT CHARSET=utf8mb4 COLLATE=utf8mb4_0900_ai_ci;
/*!40101 SET character_set_client = @saved_cs_client */;

--
-- Dumping data for table `contratos`
--

LOCK TABLES `contratos` WRITE;
/*!40000 ALTER TABLE `contratos` DISABLE KEYS */;
INSERT INTO `contratos` VALUES (1,1,16,6,'2024-12-25','2024-03-05',1432.22,63.69,'Cancelado'),(2,2,41,6,'2024-06-01','2024-05-10',1043.52,320.81,'Pagado'),(3,3,49,1,'2024-07-06','2024-05-01',614.60,288.95,'Pagado'),(4,4,50,4,'2024-09-12','2024-06-28',855.66,152.02,'Pagado'),(5,5,18,5,'2024-12-26','2024-09-17',1103.11,436.85,'Pagado'),(6,6,9,2,'2024-06-15','2024-09-11',614.52,240.43,'Pendiente'),(7,7,44,2,'2024-01-13','2024-10-19',1402.56,54.70,'Cancelado'),(8,8,44,9,'2024-07-06','2024-02-06',1456.28,240.96,'Pagado'),(9,9,13,7,'2024-07-24','2024-10-21',854.87,175.04,'Cancelado'),(10,10,19,9,'2024-01-16','2024-09-13',892.92,426.53,'Pendiente'),(11,11,44,2,'2024-11-30','2024-04-04',1040.34,464.53,'Pendiente'),(12,12,17,6,'2024-12-27','2024-02-25',1290.42,248.45,'Pendiente'),(13,13,4,1,'2024-12-17','2024-09-11',1105.25,465.43,'Cancelado'),(14,14,21,5,'2024-03-23','2024-09-02',1181.26,195.91,'Cancelado'),(15,15,21,3,'2024-02-03','2024-09-07',656.86,361.45,'Pendiente'),(16,16,28,4,'2024-12-15','2024-10-25',720.80,324.75,'Pagado'),(17,17,49,2,'2024-09-18','2024-03-11',1312.93,243.99,'Pendiente'),(18,18,28,8,'2024-11-24','2024-05-18',701.71,434.89,'Cancelado'),(19,19,6,4,'2024-04-02','2024-04-24',1309.86,54.55,'Pendiente'),(20,20,13,10,'2024-10-23','2024-04-26',658.25,417.30,'Cancelado'),(21,21,50,9,'2024-04-02','2024-09-24',1406.42,167.01,'Cancelado'),(22,22,38,10,'2024-04-14','2024-09-15',1176.28,129.82,'Pendiente'),(23,23,29,1,'2024-06-15','2024-03-07',1042.95,84.52,'Pendiente'),(24,24,29,3,'2024-05-23','2024-04-18',802.58,311.70,'Pendiente'),(25,25,9,3,'2024-09-26','2024-12-07',964.97,257.32,'Pendiente'),(26,26,18,3,'2024-12-21','2024-04-02',853.93,3.16,'Cancelado'),(27,27,42,3,'2024-09-17','2024-11-05',601.70,480.85,'Pagado'),(28,28,32,7,'2024-05-08','2024-10-23',506.47,297.14,'Cancelado'),(29,29,49,1,'2024-03-19','2024-12-24',768.37,198.04,'Pendiente'),(30,30,35,10,'2024-07-06','2024-10-28',1087.29,228.63,'Pagado'),(31,31,13,7,'2024-08-22','2024-03-03',1433.72,76.91,'Cancelado'),(32,32,19,10,'2024-10-18','2024-01-14',1281.08,399.15,'Pagado'),(33,33,43,3,'2024-11-24','2024-08-18',955.75,193.86,'Pagado'),(34,34,35,8,'2024-09-09','2024-03-11',1395.22,447.13,'Cancelado'),(35,35,13,9,'2024-08-10','2024-06-10',885.40,298.78,'Cancelado'),(36,36,19,4,'2024-07-25','2024-10-31',976.98,439.35,'Cancelado'),(37,37,9,10,'2024-06-13','2024-04-06',1468.06,24.30,'Pagado'),(38,38,28,8,'2024-12-23','2024-09-22',1191.73,139.50,'Pendiente'),(39,39,39,9,'2024-12-18','2024-04-12',1003.66,338.31,'Cancelado'),(40,40,17,1,'2024-03-11','2024-11-09',1210.32,488.08,'Cancelado'),(41,41,42,9,'2024-10-20','2024-06-17',1391.35,37.38,'Cancelado'),(42,42,14,3,'2024-07-16','2024-11-20',1318.49,213.33,'Cancelado'),(43,43,6,6,'2024-03-27','2024-08-24',1032.42,357.38,'Cancelado'),(44,44,37,8,'2024-08-05','2024-09-08',1162.17,121.18,'Pendiente'),(45,45,20,4,'2024-05-28','2024-01-28',650.12,263.41,'Pendiente'),(46,46,17,2,'2024-09-07','2024-01-03',1483.44,446.45,'Pagado'),(47,47,45,10,'2024-12-01','2024-11-02',943.31,347.52,'Pendiente'),(48,48,33,8,'2024-12-03','2024-04-24',1298.15,23.78,'Cancelado'),(49,49,4,9,'2024-12-23','2024-05-16',1430.88,267.00,'Cancelado'),(50,50,40,3,'2024-02-09','2024-09-01',516.52,37.73,'Pendiente'),(51,51,21,1,'2024-02-27','2024-07-18',760.06,331.36,'Pagado'),(52,52,34,8,'2024-12-08','2024-04-21',1213.85,326.10,'Pendiente'),(53,53,33,9,'2024-04-19','2024-12-20',1455.04,430.13,'Pagado'),(54,54,31,7,'2024-08-29','2024-03-23',650.10,35.68,'Cancelado'),(55,55,16,9,'2024-05-28','2024-05-31',1355.24,15.82,'Pagado'),(56,56,44,6,'2024-03-12','2024-04-21',1440.46,391.49,'Pendiente'),(57,57,6,4,'2024-03-17','2024-02-09',1406.74,106.52,'Pagado'),(58,58,5,4,'2024-09-15','2024-05-13',1205.72,214.23,'Pendiente'),(59,59,43,2,'2024-02-10','2024-03-03',1028.32,63.24,'Pendiente'),(60,60,43,2,'2024-02-28','2024-05-11',823.01,266.46,'Cancelado'),(61,61,44,4,'2024-11-26','2024-08-05',772.35,285.22,'Pendiente'),(62,62,24,3,'2024-09-09','2024-10-22',1465.68,201.78,'Pendiente'),(63,63,20,7,'2024-11-01','2024-05-17',869.54,359.46,'Pagado'),(64,64,14,10,'2024-09-20','2024-11-16',732.24,262.41,'Cancelado'),(65,65,4,6,'2024-06-17','2024-09-20',719.72,467.44,'Pendiente'),(66,66,14,4,'2024-09-28','2024-10-11',1170.52,6.63,'Pendiente'),(67,67,12,1,'2024-04-28','2024-08-11',584.38,292.44,'Cancelado'),(68,68,31,10,'2024-02-29','2024-10-31',1180.81,451.24,'Pagado'),(69,69,33,9,'2024-02-02','2024-01-12',1388.26,174.97,'Pendiente'),(70,70,19,7,'2024-12-21','2024-01-03',615.48,278.24,'Pagado'),(71,71,26,3,'2024-09-08','2024-09-15',975.98,128.10,'Cancelado'),(72,72,25,10,'2024-02-17','2024-11-15',1484.98,150.70,'Pagado'),(73,73,43,7,'2024-07-20','2024-11-20',1284.03,128.05,'Cancelado'),(74,74,44,6,'2024-04-17','2024-09-21',1243.43,269.96,'Pagado'),(75,75,37,3,'2024-12-14','2024-02-03',1095.25,350.35,'Cancelado'),(76,76,25,3,'2024-12-09','2024-11-12',1013.90,482.94,'Pendiente'),(77,77,28,9,'2024-07-30','2024-05-18',654.87,318.67,'Cancelado'),(78,78,35,4,'2024-07-13','2024-09-06',1317.44,19.85,'Cancelado'),(79,79,31,9,'2024-04-07','2024-11-16',1086.90,149.91,'Cancelado'),(80,80,40,8,'2024-05-09','2024-07-15',1126.19,257.55,'Cancelado'),(81,81,47,7,'2024-03-17','2024-03-25',1024.31,465.07,'Pendiente'),(82,82,30,8,'2024-01-02','2024-09-26',1177.65,87.72,'Cancelado'),(83,83,35,10,'2024-08-15','2024-04-15',1079.02,13.36,'Pagado'),(84,84,46,4,'2024-11-26','2024-07-24',601.99,408.49,'Cancelado'),(85,85,23,9,'2024-01-29','2024-09-27',969.06,62.68,'Pendiente'),(86,86,37,10,'2024-08-02','2024-02-02',1185.57,78.53,'Cancelado'),(87,87,9,7,'2024-11-07','2024-03-31',1176.51,319.80,'Pendiente'),(88,88,47,2,'2024-10-15','2024-08-13',1212.28,355.35,'Pagado'),(89,89,48,6,'2024-09-03','2024-11-11',793.91,437.70,'Pagado'),(90,90,43,8,'2024-04-09','2024-01-25',1016.62,191.81,'Pagado'),(91,91,35,4,'2024-08-31','2024-04-18',983.48,262.14,'Pendiente'),(92,92,15,9,'2024-08-20','2024-07-01',1090.19,223.95,'Pagado'),(93,93,1,6,'2024-12-27','2024-02-25',1294.80,257.81,'Pendiente'),(94,94,22,6,'2024-05-15','2024-04-12',782.78,286.82,'Pendiente'),(95,95,19,9,'2024-01-09','2024-08-16',556.06,201.53,'Cancelado'),(96,96,2,6,'2024-11-15','2024-08-10',917.25,128.98,'Pendiente'),(97,97,21,10,'2024-08-01','2024-01-11',883.56,416.67,'Pendiente'),(98,98,30,9,'2024-07-09','2024-01-21',1210.58,192.81,'Cancelado'),(99,99,42,8,'2024-03-15','2024-10-25',968.77,446.85,'Pendiente'),(100,100,32,10,'2024-12-02','2024-09-19',1334.95,7.83,'Pagado'),(101,101,42,4,'2024-06-12','2024-02-03',614.05,148.37,'Pendiente'),(102,102,41,7,'2024-11-10','2024-04-28',534.51,99.44,'Cancelado'),(103,103,43,7,'2024-07-03','2024-09-07',1406.66,238.69,'Cancelado'),(104,104,46,6,'2024-11-04','2024-09-12',1458.74,347.60,'Pagado'),(105,105,46,8,'2024-02-03','2024-02-28',1028.11,79.14,'Pendiente'),(106,106,29,2,'2024-03-24','2024-08-05',790.45,333.58,'Pagado'),(107,107,17,3,'2024-02-02','2024-10-23',1297.57,274.91,'Pagado'),(108,108,7,6,'2024-07-25','2024-01-19',1053.36,308.45,'Pagado'),(109,109,14,1,'2024-08-10','2024-10-16',631.15,140.20,'Pendiente'),(110,110,11,10,'2024-04-21','2024-07-30',1484.36,90.95,'Cancelado'),(111,111,12,4,'2024-11-08','2024-05-05',647.96,354.52,'Pendiente'),(112,112,19,6,'2024-10-29','2024-05-11',815.82,249.67,'Pagado'),(113,113,13,6,'2024-03-20','2024-04-25',1421.96,331.53,'Pagado'),(114,114,38,2,'2024-06-07','2024-09-29',929.51,454.07,'Pendiente'),(115,115,27,10,'2024-01-07','2024-04-22',994.41,272.48,'Pendiente'),(116,116,29,2,'2024-12-25','2024-06-30',1035.02,91.60,'Pendiente'),(117,117,1,1,'2024-06-13','2024-12-20',1006.03,308.12,'Pagado'),(118,118,49,2,'2024-10-28','2024-09-08',1470.98,393.76,'Pendiente'),(119,119,39,8,'2024-05-12','2024-08-18',564.89,215.44,'Cancelado'),(120,120,26,7,'2024-09-24','2024-09-18',880.78,377.72,'Pagado'),(121,121,46,7,'2024-06-12','2024-05-04',863.87,396.26,'Cancelado'),(122,122,49,3,'2024-06-09','2024-05-18',1080.91,381.11,'Pendiente'),(123,123,3,1,'2024-03-10','2024-09-24',599.41,148.35,'Pendiente'),(124,124,2,7,'2024-01-06','2024-03-16',1485.17,152.66,'Pagado'),(125,125,47,10,'2024-02-08','2024-07-27',1035.31,483.34,'Pendiente'),(126,126,12,6,'2024-10-21','2024-07-10',702.64,219.30,'Pagado'),(127,127,31,3,'2024-08-17','2024-04-10',984.26,298.45,'Pagado'),(128,128,44,8,'2024-02-12','2024-05-07',903.16,482.11,'Pagado'),(129,129,9,10,'2024-06-18','2024-05-05',828.18,304.37,'Pendiente'),(130,130,24,2,'2024-06-10','2024-09-12',669.67,375.60,'Pendiente'),(131,131,50,2,'2024-11-19','2024-12-08',524.43,155.21,'Pagado'),(132,132,24,9,'2024-01-02','2024-05-19',1402.03,181.19,'Pendiente'),(133,133,23,9,'2024-02-19','2024-01-01',1099.29,496.37,'Pendiente'),(134,134,43,8,'2024-03-26','2024-11-26',1314.65,180.28,'Pagado'),(135,135,36,5,'2024-04-18','2024-01-12',757.39,97.54,'Pendiente'),(136,136,22,6,'2024-06-05','2024-07-07',794.19,460.13,'Cancelado'),(137,137,42,1,'2024-07-17','2024-09-11',1347.67,74.87,'Pendiente'),(138,138,29,3,'2024-08-26','2024-06-08',718.97,392.92,'Pendiente'),(139,139,1,3,'2024-01-03','2024-06-02',582.50,75.83,'Pagado'),(140,140,5,10,'2024-07-06','2024-09-05',1359.33,128.75,'Cancelado'),(141,141,39,8,'2024-05-27','2024-10-11',1188.09,50.91,'Pagado'),(142,142,46,3,'2024-07-15','2024-11-30',1467.85,44.40,'Pagado'),(143,143,22,6,'2024-06-24','2024-09-23',713.00,435.88,'Cancelado'),(144,144,50,8,'2024-11-05','2024-12-15',746.76,180.18,'Pendiente'),(145,145,12,10,'2024-01-21','2024-06-11',550.59,459.78,'Pagado'),(146,146,24,1,'2024-09-06','2024-05-11',1253.73,342.52,'Pendiente'),(147,147,39,4,'2024-05-13','2024-10-31',571.17,427.15,'Pendiente'),(148,148,37,5,'2024-02-15','2024-03-26',1305.48,160.83,'Pendiente'),(149,149,50,4,'2024-12-30','2024-10-18',503.65,310.28,'Pendiente'),(150,150,30,8,'2024-10-06','2024-09-08',656.94,356.85,'Pendiente'),(151,151,18,5,'2024-03-03','2024-07-13',652.88,81.10,'Pagado'),(152,152,14,4,'2024-10-08','2024-11-22',664.80,68.98,'Pendiente'),(153,153,29,3,'2024-06-15','2024-08-03',1081.27,69.15,'Cancelado'),(154,154,17,8,'2024-11-25','2024-03-12',764.55,368.36,'Cancelado'),(155,155,12,6,'2024-12-02','2024-01-10',860.02,362.32,'Pagado'),(156,156,28,1,'2024-10-09','2024-08-19',1344.37,160.26,'Pendiente'),(157,157,20,8,'2024-06-12','2024-01-27',523.87,450.04,'Pagado'),(158,158,23,10,'2024-04-29','2024-11-02',713.79,276.39,'Pendiente'),(159,159,48,5,'2024-02-27','2024-07-29',911.20,162.51,'Pagado'),(160,160,50,8,'2024-09-28','2024-07-03',796.53,482.59,'Cancelado'),(161,161,40,2,'2024-03-29','2024-11-09',1059.53,111.57,'Pagado'),(162,162,26,3,'2024-10-19','2024-03-11',1061.00,113.85,'Pagado'),(163,163,30,7,'2024-03-30','2024-05-30',829.39,202.97,'Pendiente'),(164,164,50,9,'2024-02-27','2024-04-22',566.66,205.65,'Cancelado'),(165,165,3,7,'2024-03-22','2024-02-05',1319.64,401.50,'Pagado'),(166,166,19,2,'2024-10-29','2024-07-28',891.03,115.03,'Cancelado'),(167,167,10,1,'2024-08-24','2024-02-05',1040.58,206.57,'Pagado'),(168,168,50,6,'2024-11-27','2024-10-30',932.05,333.17,'Pendiente'),(169,169,9,8,'2024-05-24','2024-08-15',1431.42,392.02,'Pendiente'),(170,170,14,1,'2024-03-20','2024-01-23',1151.36,36.42,'Pagado'),(171,171,42,10,'2024-02-25','2024-12-22',922.78,92.23,'Pagado'),(172,172,36,7,'2024-12-12','2024-11-18',1074.91,111.18,'Pagado'),(173,173,14,2,'2024-02-04','2024-12-05',872.68,35.28,'Pendiente'),(174,174,49,2,'2024-08-24','2024-11-29',1126.96,197.30,'Pendiente'),(175,175,14,2,'2024-09-15','2024-03-22',1483.73,125.88,'Pendiente'),(176,176,40,10,'2024-08-10','2024-01-25',1010.65,176.03,'Pendiente'),(177,177,5,8,'2024-06-16','2024-01-24',1448.16,272.95,'Cancelado'),(178,178,40,3,'2024-01-18','2024-05-22',1310.10,439.74,'Cancelado'),(179,179,10,1,'2024-10-30','2024-11-26',533.57,225.03,'Pendiente'),(180,180,20,6,'2024-07-02','2024-11-24',1484.46,112.85,'Pendiente'),(181,181,10,5,'2024-09-27','2024-04-20',790.60,272.50,'Cancelado'),(182,182,32,6,'2024-02-01','2024-08-20',1435.21,380.97,'Pendiente'),(183,183,37,7,'2024-02-05','2024-07-05',758.95,381.13,'Pendiente'),(184,184,45,4,'2024-12-16','2024-11-01',797.58,489.46,'Pendiente'),(185,185,4,4,'2024-07-25','2024-10-03',590.85,91.02,'Pagado'),(186,186,33,3,'2024-07-23','2024-11-27',1358.52,284.91,'Pendiente'),(187,187,33,5,'2024-05-17','2024-06-22',743.22,395.61,'Pendiente'),(188,188,38,2,'2024-04-15','2024-02-07',1145.59,461.15,'Cancelado'),(189,189,31,1,'2024-03-25','2024-02-14',1421.36,119.35,'Pagado'),(190,190,22,9,'2024-01-14','2024-08-02',1322.23,175.77,'Pendiente'),(191,191,21,2,'2024-06-12','2024-11-07',1422.31,25.10,'Pagado'),(192,192,14,9,'2024-09-03','2024-09-07',906.48,486.28,'Pagado'),(193,193,15,6,'2024-12-05','2024-12-12',1463.09,482.53,'Cancelado'),(194,194,40,2,'2024-03-23','2024-10-10',712.49,364.96,'Pendiente'),(195,195,44,4,'2024-12-21','2024-12-02',1185.69,331.14,'Pendiente'),(196,196,15,7,'2024-06-13','2024-04-09',506.24,107.80,'Pendiente'),(197,197,33,1,'2024-05-26','2024-10-18',1284.97,265.45,'Pendiente'),(198,198,46,7,'2024-06-03','2024-03-27',1417.00,435.34,'Pagado'),(199,199,20,2,'2024-10-04','2024-03-24',1361.17,309.63,'Pagado'),(200,200,36,10,'2024-11-03','2024-03-26',1142.51,255.77,'Pagado'),(201,201,31,2,'2024-02-09','2024-12-17',991.53,284.79,'Pagado'),(202,202,8,7,'2024-11-12','2024-05-02',578.20,190.63,'Cancelado'),(203,203,11,1,'2024-08-25','2024-01-26',906.90,410.66,'Cancelado'),(204,204,49,2,'2024-12-13','2024-04-03',915.68,156.87,'Pendiente'),(205,205,34,4,'2024-11-05','2024-02-18',622.44,105.54,'Cancelado'),(206,206,41,10,'2024-06-09','2024-04-13',598.88,321.30,'Cancelado'),(207,207,33,6,'2024-08-20','2024-08-17',733.36,139.42,'Cancelado'),(208,208,32,1,'2024-07-15','2024-06-05',1030.69,182.57,'Pendiente'),(209,209,4,7,'2024-02-04','2024-06-24',621.87,84.01,'Pagado'),(210,210,44,10,'2024-12-27','2024-03-10',1487.59,181.97,'Cancelado'),(211,211,10,4,'2024-05-22','2024-10-09',1191.70,69.87,'Pagado'),(212,212,35,7,'2024-01-07','2024-03-21',545.90,285.14,'Cancelado'),(213,213,43,2,'2024-03-01','2024-05-20',929.35,495.37,'Pagado'),(214,214,18,8,'2024-11-05','2024-11-21',1418.07,456.05,'Cancelado'),(215,215,15,1,'2024-05-25','2024-10-26',1405.85,34.68,'Pagado'),(216,216,47,9,'2024-03-14','2024-08-05',875.12,44.39,'Pendiente'),(217,217,17,7,'2024-05-25','2024-12-18',1132.55,133.13,'Pagado'),(218,218,19,6,'2024-08-14','2024-06-17',948.78,429.70,'Cancelado'),(219,219,9,1,'2024-08-02','2024-11-15',1108.74,209.51,'Pendiente'),(220,220,5,7,'2024-11-19','2024-07-16',549.91,312.36,'Cancelado'),(221,221,50,1,'2024-04-14','2024-04-06',959.90,255.23,'Pendiente'),(222,222,17,2,'2024-09-15','2024-02-12',958.74,472.41,'Pagado'),(223,223,46,5,'2024-09-09','2024-01-07',510.21,499.30,'Cancelado'),(224,224,41,2,'2024-07-09','2024-01-09',1057.87,358.16,'Cancelado'),(225,225,20,3,'2024-12-25','2024-03-24',686.46,124.10,'Cancelado'),(226,226,34,3,'2024-05-16','2024-01-21',656.57,306.76,'Pagado'),(227,227,8,10,'2024-04-20','2024-09-01',935.49,84.57,'Pagado'),(228,228,10,4,'2024-01-25','2024-05-09',1070.79,395.54,'Pendiente'),(229,229,43,5,'2024-11-15','2024-12-07',549.92,222.27,'Pendiente'),(230,230,2,10,'2024-08-02','2024-02-15',1367.50,480.55,'Pendiente'),(231,231,7,1,'2024-11-07','2024-02-11',516.99,369.89,'Pagado'),(232,232,2,2,'2024-09-21','2024-02-27',1106.60,281.40,'Cancelado'),(233,233,15,5,'2024-04-20','2024-03-21',692.71,152.31,'Cancelado'),(234,234,41,3,'2024-09-01','2024-09-06',908.62,497.00,'Cancelado'),(235,235,37,5,'2024-02-01','2024-01-20',504.06,430.71,'Pendiente'),(236,236,45,6,'2024-02-29','2024-02-11',581.87,33.52,'Pendiente'),(237,237,13,10,'2024-02-02','2024-07-17',955.09,321.75,'Cancelado'),(238,238,17,1,'2024-06-27','2024-02-26',810.37,42.99,'Pagado'),(239,239,12,7,'2024-09-15','2024-06-30',851.99,136.06,'Pendiente'),(240,240,36,7,'2024-12-24','2024-01-16',775.42,123.12,'Pagado'),(241,241,15,3,'2024-03-19','2024-06-05',1005.43,118.78,'Cancelado'),(242,242,33,3,'2024-02-12','2024-12-14',919.09,116.65,'Cancelado'),(243,243,43,6,'2024-12-22','2024-05-18',1458.01,327.83,'Pagado'),(244,244,3,1,'2024-02-16','2024-06-18',1439.53,152.02,'Cancelado'),(245,245,30,9,'2024-08-02','2024-04-24',1307.39,47.07,'Pendiente'),(246,246,49,7,'2024-05-25','2024-01-11',1441.47,311.96,'Pendiente'),(247,247,31,2,'2024-11-12','2024-12-02',512.45,148.14,'Pagado'),(248,248,17,4,'2024-08-17','2024-03-04',1485.27,200.71,'Pendiente'),(249,249,3,2,'2024-05-17','2024-07-25',1193.91,387.32,'Cancelado'),(250,250,32,8,'2024-01-23','2024-12-05',965.74,269.41,'Pendiente'),(251,251,44,5,'2024-08-21','2024-11-08',855.61,106.02,'Cancelado'),(252,252,17,7,'2024-05-18','2024-11-16',750.33,308.28,'Pendiente'),(253,253,41,1,'2024-10-29','2024-12-27',960.29,166.84,'Pendiente'),(254,254,22,4,'2024-04-17','2024-07-06',1184.19,439.23,'Pagado'),(255,255,4,3,'2024-04-19','2024-08-08',624.88,404.92,'Cancelado'),(256,256,48,7,'2024-08-19','2024-02-04',1071.96,286.94,'Pendiente'),(257,257,3,8,'2024-09-17','2024-04-02',623.78,430.96,'Cancelado'),(258,258,6,8,'2024-04-01','2024-02-12',1330.31,400.18,'Pagado'),(259,259,8,3,'2024-09-14','2024-10-27',508.22,284.03,'Cancelado'),(260,260,19,5,'2024-12-30','2024-09-18',1084.28,387.67,'Pendiente'),(261,261,15,1,'2024-08-06','2024-09-14',1229.55,266.39,'Pagado'),(262,262,39,5,'2024-12-24','2024-07-08',1151.66,350.17,'Pagado'),(263,263,32,6,'2024-09-18','2024-01-05',1413.15,264.40,'Cancelado'),(264,264,47,10,'2024-01-14','2024-04-10',761.71,243.02,'Pagado'),(265,265,39,10,'2024-03-14','2024-04-21',1424.25,352.00,'Cancelado'),(266,266,32,9,'2024-07-10','2024-12-23',831.23,357.43,'Pagado'),(267,267,38,1,'2024-12-23','2024-09-29',1294.58,365.97,'Pendiente'),(268,268,10,1,'2024-11-27','2024-04-07',1104.01,111.24,'Pendiente'),(269,269,42,3,'2024-11-07','2024-06-13',1191.67,54.22,'Pagado'),(270,270,1,7,'2024-03-22','2024-02-27',627.62,80.80,'Pagado'),(271,271,33,10,'2024-09-21','2024-10-29',1476.93,198.14,'Pendiente'),(272,272,4,2,'2024-08-27','2024-10-09',1401.81,92.76,'Pendiente'),(273,273,28,2,'2024-11-10','2024-12-28',877.00,454.19,'Pagado'),(274,274,17,5,'2024-01-31','2024-03-04',1118.66,286.04,'Pendiente'),(275,275,16,6,'2024-08-30','2024-10-11',1394.43,68.59,'Pendiente'),(276,276,31,10,'2024-03-11','2024-12-20',779.71,240.42,'Pagado'),(277,277,20,3,'2024-12-10','2024-01-22',970.81,87.19,'Pagado'),(278,278,39,5,'2024-02-20','2024-03-20',1169.68,348.41,'Pagado'),(279,279,15,10,'2024-02-20','2024-09-09',548.50,83.05,'Cancelado'),(280,280,47,6,'2024-02-11','2024-10-28',1295.32,248.54,'Pendiente'),(281,281,1,8,'2024-08-22','2024-01-06',645.39,341.95,'Cancelado'),(282,282,44,4,'2024-04-13','2024-04-13',1075.65,12.46,'Pagado'),(283,283,46,4,'2024-02-18','2024-07-14',781.74,401.27,'Pendiente'),(284,284,22,7,'2024-12-08','2024-10-04',1487.87,327.57,'Pendiente'),(285,285,30,1,'2024-05-31','2024-12-13',1012.45,354.60,'Pendiente'),(286,286,46,6,'2024-01-06','2024-06-02',552.47,1.53,'Cancelado'),(287,287,15,9,'2024-04-17','2024-12-26',557.51,162.30,'Pagado'),(288,288,14,1,'2024-05-15','2024-09-23',1043.45,261.62,'Cancelado'),(289,289,18,9,'2024-02-14','2024-02-03',591.99,92.09,'Pagado'),(290,290,34,5,'2024-02-12','2024-04-21',678.56,487.20,'Pagado'),(291,291,38,8,'2024-08-22','2024-11-09',867.63,131.18,'Pendiente'),(292,292,13,7,'2024-07-11','2024-08-26',1190.95,246.11,'Pagado'),(293,293,24,2,'2024-05-24','2024-07-02',823.35,55.94,'Pagado'),(294,294,31,3,'2024-08-09','2024-03-02',521.44,301.36,'Cancelado'),(295,295,47,9,'2024-05-25','2024-06-21',656.59,184.51,'Pagado'),(296,296,39,8,'2024-04-18','2024-04-29',1245.40,371.27,'Pagado'),(297,297,8,4,'2024-04-06','2024-04-12',1115.33,116.36,'Pendiente'),(298,298,45,5,'2024-10-24','2024-08-03',1000.12,365.55,'Pendiente'),(299,299,30,5,'2024-06-26','2024-02-02',1491.65,344.26,'Pagado'),(300,300,14,10,'2024-12-26','2024-01-18',785.54,140.47,'Pagado'),(301,301,45,9,'2024-07-09','2024-01-31',1351.24,2.46,'Pagado'),(302,302,17,3,'2024-05-28','2024-03-07',1187.86,446.47,'Pagado'),(303,303,17,5,'2024-03-04','2024-07-29',865.53,47.51,'Pagado'),(304,304,31,10,'2024-09-07','2024-09-20',1051.98,297.70,'Pendiente'),(305,305,41,2,'2024-03-15','2024-08-16',1014.17,347.09,'Cancelado'),(306,306,28,1,'2024-05-18','2024-11-09',658.04,107.05,'Pagado'),(307,307,17,10,'2024-07-09','2024-11-18',1356.47,314.76,'Pagado'),(308,308,1,3,'2024-05-18','2024-01-23',668.72,330.63,'Cancelado'),(309,309,1,7,'2024-05-14','2024-10-14',1331.57,398.70,'Pagado'),(310,310,4,9,'2024-02-20','2024-01-31',506.13,388.96,'Cancelado'),(311,311,2,5,'2024-06-01','2024-08-07',1254.73,483.66,'Pagado'),(312,312,49,1,'2024-07-15','2024-06-07',1065.64,260.92,'Cancelado'),(313,313,50,3,'2024-03-21','2024-05-19',741.79,32.86,'Pagado'),(314,314,41,3,'2024-12-20','2024-12-28',561.73,162.66,'Pagado'),(315,315,12,9,'2024-06-18','2024-10-30',1261.87,157.24,'Pendiente'),(316,316,25,6,'2024-06-28','2024-09-05',1426.58,295.95,'Pendiente'),(317,317,7,1,'2024-01-05','2024-10-31',627.73,69.84,'Pendiente'),(318,318,8,9,'2024-09-21','2024-02-08',858.43,236.25,'Pendiente'),(319,319,1,3,'2024-02-05','2024-10-15',1165.24,476.83,'Cancelado'),(320,320,1,7,'2024-06-13','2024-03-05',1039.44,81.53,'Pendiente'),(321,321,25,9,'2024-12-11','2024-01-29',1047.18,250.83,'Cancelado'),(322,322,42,6,'2024-03-25','2024-07-12',1448.04,76.93,'Cancelado'),(323,323,9,1,'2024-09-25','2024-07-16',997.16,431.77,'Cancelado'),(324,324,28,3,'2024-06-30','2024-10-26',1107.78,288.41,'Pendiente'),(325,325,29,7,'2024-09-11','2024-06-10',615.17,124.62,'Cancelado'),(326,326,38,1,'2024-02-12','2024-05-08',914.45,6.81,'Cancelado'),(327,327,5,10,'2024-06-12','2024-06-04',1289.51,332.67,'Cancelado'),(328,328,40,2,'2024-02-13','2024-04-15',585.21,281.32,'Pagado'),(329,329,5,9,'2024-10-30','2024-09-06',1415.61,265.27,'Cancelado'),(330,330,47,10,'2024-01-15','2024-04-14',807.67,341.54,'Pagado'),(331,331,21,6,'2024-09-10','2024-09-18',999.66,173.29,'Pendiente'),(332,332,7,10,'2024-05-06','2024-11-21',917.52,206.60,'Cancelado'),(333,333,42,7,'2024-01-03','2024-12-09',1181.48,293.08,'Cancelado'),(334,334,34,8,'2024-07-07','2024-06-18',1264.29,216.09,'Cancelado'),(335,335,3,7,'2024-12-08','2024-11-05',926.67,294.65,'Pagado'),(336,336,29,9,'2024-06-01','2024-08-15',1364.12,224.82,'Pagado'),(337,337,47,7,'2024-08-18','2024-02-09',1139.97,438.83,'Pagado'),(338,338,36,2,'2024-07-28','2024-06-12',1014.38,115.52,'Pagado'),(339,339,19,10,'2024-11-21','2024-06-19',1156.43,440.83,'Pagado'),(340,340,28,5,'2024-07-06','2024-04-07',1299.06,96.18,'Pagado'),(341,341,13,6,'2024-12-10','2024-02-09',1209.65,112.21,'Cancelado'),(342,342,15,5,'2024-07-15','2024-03-27',1076.73,85.22,'Pendiente'),(343,343,5,2,'2024-05-04','2024-04-27',1084.92,480.21,'Pendiente'),(344,344,18,7,'2024-02-08','2024-08-18',1331.49,133.16,'Cancelado'),(345,345,20,5,'2024-12-14','2024-07-01',1136.76,342.61,'Pagado'),(346,346,27,1,'2024-10-12','2024-09-13',659.04,345.41,'Cancelado'),(347,347,41,2,'2024-03-21','2024-09-17',1399.93,180.27,'Pendiente'),(348,348,22,9,'2024-12-23','2024-04-30',1209.24,279.05,'Pagado'),(349,349,32,3,'2024-02-15','2024-01-02',1137.93,90.11,'Cancelado'),(350,350,20,1,'2024-11-25','2024-06-16',1084.07,272.66,'Cancelado'),(351,351,12,3,'2024-07-28','2024-02-05',1265.08,267.45,'Pagado'),(352,352,15,4,'2024-09-22','2024-09-03',696.60,477.82,'Pendiente'),(353,353,4,9,'2024-10-29','2024-09-14',547.16,58.95,'Pagado'),(354,354,45,1,'2024-10-12','2024-08-22',1363.14,195.92,'Pagado'),(355,355,34,3,'2024-04-07','2024-07-24',508.51,178.64,'Cancelado'),(356,356,37,4,'2024-09-13','2024-05-18',1283.49,390.04,'Pagado'),(357,357,21,4,'2024-10-03','2024-08-05',1202.31,363.61,'Pagado'),(358,358,24,8,'2024-04-11','2024-03-07',585.91,439.61,'Pendiente'),(359,359,3,9,'2024-02-12','2024-01-08',1248.21,340.12,'Pendiente'),(360,360,38,3,'2024-12-23','2024-03-04',1430.29,65.11,'Cancelado'),(361,361,46,10,'2024-02-16','2024-09-18',706.50,440.60,'Cancelado'),(362,362,15,1,'2024-07-23','2024-07-18',550.08,305.64,'Cancelado'),(363,363,35,8,'2024-09-27','2024-05-26',1292.59,377.46,'Pagado'),(364,364,36,5,'2024-11-15','2024-02-25',636.29,113.00,'Cancelado'),(365,365,47,5,'2024-08-05','2024-07-19',1458.16,72.27,'Cancelado'),(366,366,41,5,'2024-01-17','2024-09-27',1073.77,322.39,'Pagado'),(367,367,29,4,'2024-03-08','2024-10-11',832.97,164.93,'Pagado'),(368,368,14,4,'2024-01-06','2024-12-30',1440.81,355.48,'Cancelado'),(369,369,27,5,'2024-08-24','2024-11-25',1063.90,56.85,'Cancelado'),(370,370,3,6,'2024-10-15','2024-03-16',1155.71,330.07,'Pagado'),(371,371,35,5,'2024-02-12','2024-04-09',509.74,117.49,'Pendiente'),(372,372,2,7,'2024-04-29','2024-08-08',534.01,179.05,'Cancelado'),(373,373,19,8,'2024-10-06','2024-07-05',758.83,379.28,'Pendiente'),(374,374,41,10,'2024-06-26','2024-06-26',1470.67,198.56,'Pendiente'),(375,375,9,7,'2024-10-10','2024-11-24',675.66,87.15,'Pagado'),(376,376,10,10,'2024-03-23','2024-03-25',983.24,360.36,'Pendiente'),(377,377,31,6,'2024-01-21','2024-07-20',1094.05,156.63,'Cancelado'),(378,378,50,6,'2024-10-24','2024-06-04',1183.62,69.23,'Pagado'),(379,379,40,1,'2024-10-17','2024-11-15',1484.73,150.68,'Pagado'),(380,380,43,7,'2024-08-11','2024-02-23',1402.37,34.09,'Pagado'),(381,381,49,10,'2024-09-14','2024-10-08',1237.28,186.58,'Pagado'),(382,382,8,8,'2024-06-29','2024-02-10',568.27,3.97,'Cancelado'),(383,383,8,3,'2024-10-15','2024-03-18',1185.55,395.72,'Cancelado'),(384,384,7,10,'2024-04-23','2024-09-27',1271.97,317.67,'Cancelado'),(385,385,20,5,'2024-11-04','2024-12-30',961.49,155.32,'Pendiente'),(386,386,46,1,'2024-07-10','2024-06-20',1276.95,236.48,'Pendiente'),(387,387,38,7,'2024-01-05','2024-02-06',964.04,10.33,'Cancelado'),(388,388,25,4,'2024-03-14','2024-12-30',888.85,473.78,'Pagado'),(389,389,1,4,'2024-09-22','2024-07-27',1177.32,336.53,'Pagado'),(390,390,33,3,'2024-03-31','2024-07-10',1376.29,404.96,'Pagado'),(391,391,34,2,'2024-07-07','2024-04-03',1228.06,437.83,'Pendiente'),(392,392,18,2,'2024-08-24','2024-10-31',729.29,320.76,'Pagado'),(393,393,34,9,'2024-01-12','2024-09-23',1053.29,287.90,'Pendiente'),(394,394,19,2,'2024-10-23','2024-07-06',635.17,65.60,'Pendiente'),(395,395,43,6,'2024-02-19','2024-01-20',1353.13,54.58,'Cancelado'),(396,396,31,1,'2024-07-02','2024-04-29',629.58,331.75,'Cancelado'),(397,397,33,5,'2024-06-08','2024-09-29',921.48,434.13,'Pendiente'),(398,398,39,7,'2024-01-01','2024-12-30',1487.91,473.14,'Cancelado'),(399,399,50,7,'2024-06-21','2024-04-14',506.08,86.99,'Cancelado'),(400,400,37,2,'2024-06-03','2024-09-25',911.12,423.74,'Pendiente'),(401,401,24,4,'2024-06-13','2024-02-15',768.51,484.83,'Pendiente'),(402,402,16,4,'2024-01-24','2024-02-20',999.85,40.76,'Cancelado'),(403,403,15,8,'2024-11-17','2024-02-23',593.55,12.21,'Cancelado'),(404,404,7,2,'2024-04-30','2024-03-19',587.10,393.40,'Cancelado'),(405,405,1,10,'2024-12-22','2024-11-23',1048.72,27.24,'Pagado'),(406,406,49,10,'2024-11-23','2024-08-08',827.87,414.27,'Pendiente'),(407,407,16,1,'2024-06-06','2024-12-09',912.37,118.71,'Cancelado'),(408,408,2,4,'2024-07-30','2024-11-19',1186.02,386.97,'Cancelado'),(409,409,37,3,'2024-01-09','2024-05-17',1311.36,464.28,'Pendiente'),(410,410,13,7,'2024-07-16','2024-09-20',1482.06,372.50,'Cancelado'),(411,411,33,10,'2024-10-25','2024-03-17',1096.07,175.84,'Cancelado'),(412,412,40,1,'2024-12-14','2024-07-25',1469.99,75.10,'Cancelado'),(413,413,38,3,'2024-12-25','2024-03-06',1440.71,82.23,'Pendiente'),(414,414,26,6,'2024-03-01','2024-03-21',1103.39,177.16,'Cancelado'),(415,415,38,9,'2024-12-13','2024-03-30',867.38,52.51,'Pagado'),(416,416,40,8,'2024-04-02','2024-01-29',1128.17,453.29,'Pagado'),(417,417,27,7,'2024-10-06','2024-10-29',1343.87,367.54,'Pendiente'),(418,418,26,2,'2024-02-22','2024-04-21',599.28,289.49,'Pagado'),(419,419,13,5,'2024-07-03','2024-03-06',879.45,179.40,'Pagado'),(420,420,11,1,'2024-08-08','2024-11-22',1156.98,301.91,'Pendiente'),(421,421,22,1,'2024-09-21','2024-08-13',1416.19,362.82,'Cancelado'),(422,422,12,5,'2024-09-03','2024-12-19',1323.87,105.45,'Pagado'),(423,423,15,7,'2024-06-14','2024-04-15',589.97,289.37,'Pagado'),(424,424,20,1,'2024-01-23','2024-03-07',1226.59,43.06,'Pendiente'),(425,425,50,3,'2024-02-22','2024-01-17',1294.06,416.37,'Cancelado'),(426,426,21,8,'2024-04-13','2024-04-23',1202.71,290.78,'Cancelado'),(427,427,13,9,'2024-08-01','2024-04-23',1307.42,51.03,'Pendiente'),(428,428,7,5,'2024-08-18','2024-12-08',1293.12,76.39,'Pagado'),(429,429,24,2,'2024-06-11','2024-09-19',767.11,87.63,'Pendiente'),(430,430,43,1,'2024-07-20','2024-09-12',1350.30,73.73,'Pendiente'),(431,431,25,9,'2024-12-23','2024-03-22',686.36,129.21,'Cancelado'),(432,432,45,3,'2024-07-31','2024-02-29',564.47,417.29,'Cancelado'),(433,433,20,1,'2024-12-20','2024-10-04',1390.94,86.84,'Pendiente'),(434,434,23,7,'2024-02-12','2024-06-29',614.97,47.46,'Pendiente'),(435,435,19,5,'2024-01-20','2024-12-25',1258.29,419.42,'Cancelado'),(436,436,5,7,'2024-12-21','2024-12-10',1292.48,66.45,'Pendiente'),(437,437,2,4,'2024-07-02','2024-07-17',709.38,208.73,'Pagado'),(438,438,3,9,'2024-01-26','2024-10-31',1456.72,140.87,'Pagado'),(439,439,43,7,'2024-07-27','2024-12-24',700.73,28.61,'Cancelado'),(440,440,13,2,'2024-03-12','2024-06-01',998.20,119.36,'Cancelado'),(441,441,39,8,'2024-08-25','2024-11-11',871.91,131.67,'Pendiente'),(442,442,11,5,'2024-09-15','2024-02-18',1031.70,131.99,'Cancelado'),(443,443,42,10,'2024-06-06','2024-03-12',1189.32,429.20,'Pendiente'),(444,444,28,1,'2024-08-18','2024-01-01',606.50,265.26,'Pendiente'),(445,445,4,4,'2024-08-18','2024-01-18',842.87,285.46,'Cancelado'),(446,446,21,7,'2024-10-13','2024-02-08',672.76,273.05,'Pendiente'),(447,447,22,5,'2024-02-12','2024-02-27',933.10,346.81,'Pendiente'),(448,448,39,4,'2024-04-02','2024-05-05',1456.03,374.82,'Cancelado'),(449,449,8,2,'2024-02-17','2024-04-21',629.98,367.86,'Pendiente'),(450,450,12,4,'2024-11-12','2024-05-22',845.70,280.31,'Cancelado'),(451,451,8,5,'2024-10-06','2024-06-30',698.80,249.10,'Cancelado'),(452,452,49,3,'2024-02-08','2024-11-23',679.14,100.12,'Pagado'),(453,453,36,2,'2024-11-03','2024-08-14',1066.79,487.60,'Pendiente'),(454,454,48,3,'2024-04-27','2024-11-23',1028.52,473.74,'Pendiente'),(455,455,46,2,'2024-11-21','2024-01-29',1216.41,172.34,'Pagado'),(456,456,42,5,'2024-10-19','2024-08-13',1181.07,277.69,'Cancelado'),(457,457,1,9,'2024-01-17','2024-10-17',1342.50,412.61,'Pagado'),(458,458,26,8,'2024-05-27','2024-08-26',545.99,136.27,'Pendiente'),(459,459,16,9,'2024-05-11','2024-03-26',593.79,381.99,'Pagado'),(460,460,21,4,'2024-09-27','2024-07-14',952.92,330.40,'Cancelado'),(461,461,38,9,'2024-03-08','2024-04-12',1343.18,187.42,'Pagado'),(462,462,30,10,'2024-12-30','2024-02-12',1083.53,285.18,'Pendiente'),(463,463,40,7,'2024-12-20','2024-11-02',787.30,458.50,'Cancelado'),(464,464,44,2,'2024-03-04','2024-05-30',1034.28,218.35,'Pagado'),(465,465,30,3,'2024-05-03','2024-01-09',597.21,209.04,'Cancelado'),(466,466,37,4,'2024-04-14','2024-07-13',1308.43,219.73,'Cancelado'),(467,467,28,4,'2024-05-03','2024-07-07',1070.74,150.23,'Cancelado'),(468,468,3,9,'2024-03-25','2024-07-11',1446.59,74.57,'Cancelado'),(469,469,5,7,'2024-03-22','2024-01-13',1002.08,203.56,'Pagado'),(470,470,22,6,'2024-06-01','2024-06-22',619.75,86.94,'Pagado'),(471,471,2,7,'2024-12-28','2024-02-13',1109.56,347.00,'Pagado'),(472,472,7,7,'2024-02-14','2024-07-04',675.29,176.86,'Pendiente'),(473,473,8,1,'2024-09-18','2024-06-22',734.74,371.83,'Pendiente'),(474,474,42,2,'2024-04-02','2024-10-19',753.17,429.30,'Pagado'),(475,475,5,9,'2024-01-05','2024-06-25',885.44,238.07,'Pendiente'),(476,476,35,8,'2024-11-22','2024-02-02',1260.18,266.97,'Pagado'),(477,477,18,6,'2024-09-23','2024-12-28',1281.26,461.43,'Pendiente'),(478,478,30,2,'2024-10-16','2024-08-20',1310.60,69.57,'Pendiente'),(479,479,46,8,'2024-11-19','2024-04-12',1237.85,424.80,'Pendiente'),(480,480,32,1,'2024-03-12','2024-12-11',637.08,424.08,'Cancelado'),(481,481,31,6,'2024-10-29','2024-07-22',804.13,423.83,'Pendiente'),(482,482,5,5,'2024-01-06','2024-09-15',993.90,173.67,'Pendiente'),(483,483,12,5,'2024-04-21','2024-04-26',1184.59,232.15,'Pendiente'),(484,484,48,10,'2024-10-14','2024-03-02',971.34,427.28,'Cancelado'),(485,485,37,1,'2024-03-06','2024-09-01',1320.44,44.37,'Cancelado'),(486,486,33,3,'2024-06-21','2024-07-06',656.86,120.23,'Cancelado'),(487,487,47,5,'2024-08-22','2024-09-27',1276.94,330.82,'Cancelado'),(488,488,46,6,'2024-03-06','2024-03-03',816.84,34.40,'Pagado'),(489,489,39,7,'2024-11-02','2024-04-27',593.59,250.74,'Pendiente'),(490,490,32,5,'2024-06-06','2024-10-08',1053.34,228.36,'Pagado'),(491,491,38,9,'2024-02-05','2024-11-19',634.74,8.08,'Cancelado'),(492,492,17,7,'2024-03-17','2024-02-13',1465.33,235.42,'Pagado'),(493,493,44,1,'2024-06-15','2024-03-25',1279.96,104.38,'Cancelado'),(494,494,45,4,'2024-02-03','2024-05-24',1206.24,171.07,'Pagado'),(495,495,47,9,'2024-08-27','2024-08-07',542.79,204.72,'Cancelado'),(496,496,19,1,'2024-04-06','2024-02-06',1209.69,124.43,'Pendiente'),(497,497,42,9,'2024-07-09','2024-03-15',950.01,320.31,'Cancelado'),(498,498,18,2,'2024-10-04','2024-04-30',866.53,421.51,'Pendiente'),(499,499,3,9,'2024-05-02','2024-12-28',1453.15,394.21,'Pendiente'),(500,500,3,10,'2024-10-25','2024-02-09',586.06,54.24,'Pendiente');
/*!40000 ALTER TABLE `contratos` ENABLE KEYS */;
UNLOCK TABLES;

--
-- Table structure for table `devoluciones`
--

DROP TABLE IF EXISTS `devoluciones`;
/*!40101 SET @saved_cs_client     = @@character_set_client */;
/*!50503 SET character_set_client = utf8mb4 */;
CREATE TABLE `devoluciones` (
  `id_devolucion` int NOT NULL AUTO_INCREMENT,
  `id_contrato` int NOT NULL,
  `fecha_devolucion` date NOT NULL,
  `daos_reportados` text,
  `costo_extra` decimal(10,2) DEFAULT NULL,
  PRIMARY KEY (`id_devolucion`),
  KEY `id_contrato` (`id_contrato`),
  CONSTRAINT `devoluciones_ibfk_1` FOREIGN KEY (`id_contrato`) REFERENCES `contratos` (`id_contrato`) ON DELETE CASCADE
) ENGINE=InnoDB AUTO_INCREMENT=501 DEFAULT CHARSET=utf8mb4 COLLATE=utf8mb4_0900_ai_ci;
/*!40101 SET character_set_client = @saved_cs_client */;

--
-- Dumping data for table `devoluciones`
--

LOCK TABLES `devoluciones` WRITE;
/*!40000 ALTER TABLE `devoluciones` DISABLE KEYS */;
/*!40000 ALTER TABLE `devoluciones` ENABLE KEYS */;
UNLOCK TABLES;

--
-- Table structure for table `empleados`
--

DROP TABLE IF EXISTS `empleados`;
/*!40101 SET @saved_cs_client     = @@character_set_client */;
/*!50503 SET character_set_client = utf8mb4 */;
CREATE TABLE `empleados` (
  `id_empleado` int NOT NULL AUTO_INCREMENT,
  `nombre` varchar(100) NOT NULL,
  `rol` enum('Administrador','Vendedor','Cajero') NOT NULL,
  `contrasena` varchar(60) NOT NULL,
  PRIMARY KEY (`id_empleado`)
) ENGINE=InnoDB AUTO_INCREMENT=501 DEFAULT CHARSET=utf8mb4 COLLATE=utf8mb4_0900_ai_ci;
/*!40101 SET character_set_client = @saved_cs_client */;

--
-- Dumping data for table `empleados`
--

LOCK TABLES `empleados` WRITE;
/*!40000 ALTER TABLE `empleados` DISABLE KEYS */;
INSERT INTO `empleados` VALUES (1,'Empleado_1','Cajero','password1'),(2,'Empleado_2','Vendedor','password2'),(3,'Empleado_3','Administrador','password3'),(4,'Empleado_4','Cajero','password4'),(5,'Empleado_5','Administrador','password5'),(6,'Empleado_6','Vendedor','password6'),(7,'Empleado_7','Administrador','password7'),(8,'Empleado_8','Vendedor','password8'),(9,'Empleado_9','Vendedor','password9'),(10,'Empleado_10','Cajero','password10'),(11,'Empleado_11','Cajero','password11'),(12,'Empleado_12','Vendedor','password12'),(13,'Empleado_13','Vendedor','password13'),(14,'Empleado_14','Vendedor','password14'),(15,'Empleado_15','Cajero','password15'),(16,'Empleado_16','Vendedor','password16'),(17,'Empleado_17','Vendedor','password17'),(18,'Empleado_18','Cajero','password18'),(19,'Empleado_19','Cajero','password19'),(20,'Empleado_20','Vendedor','password20'),(21,'Empleado_21','Administrador','password21'),(22,'Empleado_22','Administrador','password22'),(23,'Empleado_23','Administrador','password23'),(24,'Empleado_24','Administrador','password24'),(25,'Empleado_25','Vendedor','password25'),(26,'Empleado_26','Administrador','password26'),(27,'Empleado_27','Cajero','password27'),(28,'Empleado_28','Vendedor','password28'),(29,'Empleado_29','Vendedor','password29'),(30,'Empleado_30','Administrador','password30'),(31,'Empleado_31','Vendedor','password31'),(32,'Empleado_32','Vendedor','password32'),(33,'Empleado_33','Vendedor','password33'),(34,'Empleado_34','Administrador','password34'),(35,'Empleado_35','Cajero','password35'),(36,'Empleado_36','Vendedor','password36'),(37,'Empleado_37','Vendedor','password37'),(38,'Empleado_38','Vendedor','password38'),(39,'Empleado_39','Administrador','password39'),(40,'Empleado_40','Cajero','password40'),(41,'Empleado_41','Administrador','password41'),(42,'Empleado_42','Administrador','password42'),(43,'Empleado_43','Administrador','password43'),(44,'Empleado_44','Vendedor','password44'),(45,'Empleado_45','Vendedor','password45'),(46,'Empleado_46','Cajero','password46'),(47,'Empleado_47','Administrador','password47'),(48,'Empleado_48','Administrador','password48'),(49,'Empleado_49','Cajero','password49'),(50,'Empleado_50','Cajero','password50'),(51,'Empleado_51','Cajero','password51'),(52,'Empleado_52','Cajero','password52'),(53,'Empleado_53','Cajero','password53'),(54,'Empleado_54','Administrador','password54'),(55,'Empleado_55','Cajero','password55'),(56,'Empleado_56','Administrador','password56'),(57,'Empleado_57','Vendedor','password57'),(58,'Empleado_58','Vendedor','password58'),(59,'Empleado_59','Cajero','password59'),(60,'Empleado_60','Cajero','password60'),(61,'Empleado_61','Administrador','password61'),(62,'Empleado_62','Cajero','password62'),(63,'Empleado_63','Cajero','password63'),(64,'Empleado_64','Administrador','password64'),(65,'Empleado_65','Cajero','password65'),(66,'Empleado_66','Cajero','password66'),(67,'Empleado_67','Cajero','password67'),(68,'Empleado_68','Administrador','password68'),(69,'Empleado_69','Administrador','password69'),(70,'Empleado_70','Cajero','password70'),(71,'Empleado_71','Administrador','password71'),(72,'Empleado_72','Cajero','password72'),(73,'Empleado_73','Administrador','password73'),(74,'Empleado_74','Vendedor','password74'),(75,'Empleado_75','Cajero','password75'),(76,'Empleado_76','Administrador','password76'),(77,'Empleado_77','Vendedor','password77'),(78,'Empleado_78','Cajero','password78'),(79,'Empleado_79','Administrador','password79'),(80,'Empleado_80','Vendedor','password80'),(81,'Empleado_81','Cajero','password81'),(82,'Empleado_82','Administrador','password82'),(83,'Empleado_83','Administrador','password83'),(84,'Empleado_84','Cajero','password84'),(85,'Empleado_85','Vendedor','password85'),(86,'Empleado_86','Administrador','password86'),(87,'Empleado_87','Cajero','password87'),(88,'Empleado_88','Cajero','password88'),(89,'Empleado_89','Vendedor','password89'),(90,'Empleado_90','Vendedor','password90'),(91,'Empleado_91','Cajero','password91'),(92,'Empleado_92','Administrador','password92'),(93,'Empleado_93','Cajero','password93'),(94,'Empleado_94','Administrador','password94'),(95,'Empleado_95','Administrador','password95'),(96,'Empleado_96','Administrador','password96'),(97,'Empleado_97','Vendedor','password97'),(98,'Empleado_98','Vendedor','password98'),(99,'Empleado_99','Cajero','password99'),(100,'Empleado_100','Cajero','password100'),(101,'Empleado_101','Cajero','password101'),(102,'Empleado_102','Cajero','password102'),(103,'Empleado_103','Cajero','password103'),(104,'Empleado_104','Administrador','password104'),(105,'Empleado_105','Cajero','password105'),(106,'Empleado_106','Cajero','password106'),(107,'Empleado_107','Vendedor','password107'),(108,'Empleado_108','Administrador','password108'),(109,'Empleado_109','Administrador','password109'),(110,'Empleado_110','Vendedor','password110'),(111,'Empleado_111','Vendedor','password111'),(112,'Empleado_112','Administrador','password112'),(113,'Empleado_113','Cajero','password113'),(114,'Empleado_114','Administrador','password114'),(115,'Empleado_115','Administrador','password115'),(116,'Empleado_116','Cajero','password116'),(117,'Empleado_117','Administrador','password117'),(118,'Empleado_118','Cajero','password118'),(119,'Empleado_119','Cajero','password119'),(120,'Empleado_120','Cajero','password120'),(121,'Empleado_121','Cajero','password121'),(122,'Empleado_122','Vendedor','password122'),(123,'Empleado_123','Cajero','password123'),(124,'Empleado_124','Vendedor','password124'),(125,'Empleado_125','Vendedor','password125'),(126,'Empleado_126','Vendedor','password126'),(127,'Empleado_127','Cajero','password127'),(128,'Empleado_128','Vendedor','password128'),(129,'Empleado_129','Cajero','password129'),(130,'Empleado_130','Cajero','password130'),(131,'Empleado_131','Vendedor','password131'),(132,'Empleado_132','Cajero','password132'),(133,'Empleado_133','Cajero','password133'),(134,'Empleado_134','Administrador','password134'),(135,'Empleado_135','Cajero','password135'),(136,'Empleado_136','Vendedor','password136'),(137,'Empleado_137','Vendedor','password137'),(138,'Empleado_138','Administrador','password138'),(139,'Empleado_139','Cajero','password139'),(140,'Empleado_140','Cajero','password140'),(141,'Empleado_141','Cajero','password141'),(142,'Empleado_142','Cajero','password142'),(143,'Empleado_143','Cajero','password143'),(144,'Empleado_144','Vendedor','password144'),(145,'Empleado_145','Administrador','password145'),(146,'Empleado_146','Cajero','password146'),(147,'Empleado_147','Cajero','password147'),(148,'Empleado_148','Administrador','password148'),(149,'Empleado_149','Administrador','password149'),(150,'Empleado_150','Administrador','password150'),(151,'Empleado_151','Cajero','password151'),(152,'Empleado_152','Vendedor','password152'),(153,'Empleado_153','Cajero','password153'),(154,'Empleado_154','Vendedor','password154'),(155,'Empleado_155','Administrador','password155'),(156,'Empleado_156','Cajero','password156'),(157,'Empleado_157','Administrador','password157'),(158,'Empleado_158','Cajero','password158'),(159,'Empleado_159','Administrador','password159'),(160,'Empleado_160','Administrador','password160'),(161,'Empleado_161','Cajero','password161'),(162,'Empleado_162','Cajero','password162'),(163,'Empleado_163','Administrador','password163'),(164,'Empleado_164','Vendedor','password164'),(165,'Empleado_165','Cajero','password165'),(166,'Empleado_166','Vendedor','password166'),(167,'Empleado_167','Vendedor','password167'),(168,'Empleado_168','Vendedor','password168'),(169,'Empleado_169','Vendedor','password169'),(170,'Empleado_170','Cajero','password170'),(171,'Empleado_171','Administrador','password171'),(172,'Empleado_172','Administrador','password172'),(173,'Empleado_173','Cajero','password173'),(174,'Empleado_174','Cajero','password174'),(175,'Empleado_175','Administrador','password175'),(176,'Empleado_176','Cajero','password176'),(177,'Empleado_177','Administrador','password177'),(178,'Empleado_178','Vendedor','password178'),(179,'Empleado_179','Cajero','password179'),(180,'Empleado_180','Vendedor','password180'),(181,'Empleado_181','Cajero','password181'),(182,'Empleado_182','Vendedor','password182'),(183,'Empleado_183','Administrador','password183'),(184,'Empleado_184','Administrador','password184'),(185,'Empleado_185','Administrador','password185'),(186,'Empleado_186','Administrador','password186'),(187,'Empleado_187','Cajero','password187'),(188,'Empleado_188','Cajero','password188'),(189,'Empleado_189','Administrador','password189'),(190,'Empleado_190','Vendedor','password190'),(191,'Empleado_191','Administrador','password191'),(192,'Empleado_192','Cajero','password192'),(193,'Empleado_193','Administrador','password193'),(194,'Empleado_194','Cajero','password194'),(195,'Empleado_195','Cajero','password195'),(196,'Empleado_196','Vendedor','password196'),(197,'Empleado_197','Cajero','password197'),(198,'Empleado_198','Administrador','password198'),(199,'Empleado_199','Vendedor','password199'),(200,'Empleado_200','Cajero','password200'),(201,'Empleado_201','Cajero','password201'),(202,'Empleado_202','Vendedor','password202'),(203,'Empleado_203','Vendedor','password203'),(204,'Empleado_204','Administrador','password204'),(205,'Empleado_205','Vendedor','password205'),(206,'Empleado_206','Administrador','password206'),(207,'Empleado_207','Vendedor','password207'),(208,'Empleado_208','Vendedor','password208'),(209,'Empleado_209','Administrador','password209'),(210,'Empleado_210','Vendedor','password210'),(211,'Empleado_211','Vendedor','password211'),(212,'Empleado_212','Vendedor','password212'),(213,'Empleado_213','Administrador','password213'),(214,'Empleado_214','Cajero','password214'),(215,'Empleado_215','Vendedor','password215'),(216,'Empleado_216','Cajero','password216'),(217,'Empleado_217','Administrador','password217'),(218,'Empleado_218','Cajero','password218'),(219,'Empleado_219','Vendedor','password219'),(220,'Empleado_220','Vendedor','password220'),(221,'Empleado_221','Cajero','password221'),(222,'Empleado_222','Cajero','password222'),(223,'Empleado_223','Cajero','password223'),(224,'Empleado_224','Vendedor','password224'),(225,'Empleado_225','Vendedor','password225'),(226,'Empleado_226','Cajero','password226'),(227,'Empleado_227','Cajero','password227'),(228,'Empleado_228','Cajero','password228'),(229,'Empleado_229','Vendedor','password229'),(230,'Empleado_230','Vendedor','password230'),(231,'Empleado_231','Cajero','password231'),(232,'Empleado_232','Vendedor','password232'),(233,'Empleado_233','Administrador','password233'),(234,'Empleado_234','Administrador','password234'),(235,'Empleado_235','Cajero','password235'),(236,'Empleado_236','Administrador','password236'),(237,'Empleado_237','Administrador','password237'),(238,'Empleado_238','Administrador','password238'),(239,'Empleado_239','Cajero','password239'),(240,'Empleado_240','Cajero','password240'),(241,'Empleado_241','Vendedor','password241'),(242,'Empleado_242','Administrador','password242'),(243,'Empleado_243','Administrador','password243'),(244,'Empleado_244','Vendedor','password244'),(245,'Empleado_245','Vendedor','password245'),(246,'Empleado_246','Vendedor','password246'),(247,'Empleado_247','Vendedor','password247'),(248,'Empleado_248','Administrador','password248'),(249,'Empleado_249','Vendedor','password249'),(250,'Empleado_250','Cajero','password250'),(251,'Empleado_251','Cajero','password251'),(252,'Empleado_252','Administrador','password252'),(253,'Empleado_253','Administrador','password253'),(254,'Empleado_254','Vendedor','password254'),(255,'Empleado_255','Vendedor','password255'),(256,'Empleado_256','Administrador','password256'),(257,'Empleado_257','Cajero','password257'),(258,'Empleado_258','Administrador','password258'),(259,'Empleado_259','Cajero','password259'),(260,'Empleado_260','Administrador','password260'),(261,'Empleado_261','Cajero','password261'),(262,'Empleado_262','Cajero','password262'),(263,'Empleado_263','Administrador','password263'),(264,'Empleado_264','Cajero','password264'),(265,'Empleado_265','Vendedor','password265'),(266,'Empleado_266','Cajero','password266'),(267,'Empleado_267','Cajero','password267'),(268,'Empleado_268','Administrador','password268'),(269,'Empleado_269','Administrador','password269'),(270,'Empleado_270','Vendedor','password270'),(271,'Empleado_271','Cajero','password271'),(272,'Empleado_272','Vendedor','password272'),(273,'Empleado_273','Vendedor','password273'),(274,'Empleado_274','Vendedor','password274'),(275,'Empleado_275','Vendedor','password275'),(276,'Empleado_276','Administrador','password276'),(277,'Empleado_277','Administrador','password277'),(278,'Empleado_278','Administrador','password278'),(279,'Empleado_279','Cajero','password279'),(280,'Empleado_280','Administrador','password280'),(281,'Empleado_281','Administrador','password281'),(282,'Empleado_282','Administrador','password282'),(283,'Empleado_283','Vendedor','password283'),(284,'Empleado_284','Cajero','password284'),(285,'Empleado_285','Cajero','password285'),(286,'Empleado_286','Administrador','password286'),(287,'Empleado_287','Vendedor','password287'),(288,'Empleado_288','Administrador','password288'),(289,'Empleado_289','Administrador','password289'),(290,'Empleado_290','Administrador','password290'),(291,'Empleado_291','Administrador','password291'),(292,'Empleado_292','Vendedor','password292'),(293,'Empleado_293','Cajero','password293'),(294,'Empleado_294','Vendedor','password294'),(295,'Empleado_295','Vendedor','password295'),(296,'Empleado_296','Cajero','password296'),(297,'Empleado_297','Administrador','password297'),(298,'Empleado_298','Vendedor','password298'),(299,'Empleado_299','Vendedor','password299'),(300,'Empleado_300','Cajero','password300'),(301,'Empleado_301','Cajero','password301'),(302,'Empleado_302','Cajero','password302'),(303,'Empleado_303','Vendedor','password303'),(304,'Empleado_304','Vendedor','password304'),(305,'Empleado_305','Administrador','password305'),(306,'Empleado_306','Administrador','password306'),(307,'Empleado_307','Vendedor','password307'),(308,'Empleado_308','Administrador','password308'),(309,'Empleado_309','Cajero','password309'),(310,'Empleado_310','Vendedor','password310'),(311,'Empleado_311','Administrador','password311'),(312,'Empleado_312','Administrador','password312'),(313,'Empleado_313','Administrador','password313'),(314,'Empleado_314','Administrador','password314'),(315,'Empleado_315','Vendedor','password315'),(316,'Empleado_316','Cajero','password316'),(317,'Empleado_317','Vendedor','password317'),(318,'Empleado_318','Vendedor','password318'),(319,'Empleado_319','Cajero','password319'),(320,'Empleado_320','Vendedor','password320'),(321,'Empleado_321','Vendedor','password321'),(322,'Empleado_322','Cajero','password322'),(323,'Empleado_323','Cajero','password323'),(324,'Empleado_324','Vendedor','password324'),(325,'Empleado_325','Cajero','password325'),(326,'Empleado_326','Cajero','password326'),(327,'Empleado_327','Cajero','password327'),(328,'Empleado_328','Cajero','password328'),(329,'Empleado_329','Administrador','password329'),(330,'Empleado_330','Cajero','password330'),(331,'Empleado_331','Administrador','password331'),(332,'Empleado_332','Administrador','password332'),(333,'Empleado_333','Vendedor','password333'),(334,'Empleado_334','Vendedor','password334'),(335,'Empleado_335','Vendedor','password335'),(336,'Empleado_336','Vendedor','password336'),(337,'Empleado_337','Administrador','password337'),(338,'Empleado_338','Administrador','password338'),(339,'Empleado_339','Administrador','password339'),(340,'Empleado_340','Cajero','password340'),(341,'Empleado_341','Administrador','password341'),(342,'Empleado_342','Administrador','password342'),(343,'Empleado_343','Administrador','password343'),(344,'Empleado_344','Cajero','password344'),(345,'Empleado_345','Administrador','password345'),(346,'Empleado_346','Vendedor','password346'),(347,'Empleado_347','Vendedor','password347'),(348,'Empleado_348','Vendedor','password348'),(349,'Empleado_349','Vendedor','password349'),(350,'Empleado_350','Cajero','password350'),(351,'Empleado_351','Vendedor','password351'),(352,'Empleado_352','Vendedor','password352'),(353,'Empleado_353','Administrador','password353'),(354,'Empleado_354','Cajero','password354'),(355,'Empleado_355','Vendedor','password355'),(356,'Empleado_356','Vendedor','password356'),(357,'Empleado_357','Vendedor','password357'),(358,'Empleado_358','Administrador','password358'),(359,'Empleado_359','Administrador','password359'),(360,'Empleado_360','Administrador','password360'),(361,'Empleado_361','Administrador','password361'),(362,'Empleado_362','Cajero','password362'),(363,'Empleado_363','Administrador','password363'),(364,'Empleado_364','Vendedor','password364'),(365,'Empleado_365','Administrador','password365'),(366,'Empleado_366','Vendedor','password366'),(367,'Empleado_367','Cajero','password367'),(368,'Empleado_368','Administrador','password368'),(369,'Empleado_369','Cajero','password369'),(370,'Empleado_370','Vendedor','password370'),(371,'Empleado_371','Administrador','password371'),(372,'Empleado_372','Cajero','password372'),(373,'Empleado_373','Cajero','password373'),(374,'Empleado_374','Vendedor','password374'),(375,'Empleado_375','Administrador','password375'),(376,'Empleado_376','Vendedor','password376'),(377,'Empleado_377','Cajero','password377'),(378,'Empleado_378','Administrador','password378'),(379,'Empleado_379','Vendedor','password379'),(380,'Empleado_380','Cajero','password380'),(381,'Empleado_381','Cajero','password381'),(382,'Empleado_382','Cajero','password382'),(383,'Empleado_383','Vendedor','password383'),(384,'Empleado_384','Vendedor','password384'),(385,'Empleado_385','Administrador','password385'),(386,'Empleado_386','Administrador','password386'),(387,'Empleado_387','Administrador','password387'),(388,'Empleado_388','Vendedor','password388'),(389,'Empleado_389','Vendedor','password389'),(390,'Empleado_390','Administrador','password390'),(391,'Empleado_391','Vendedor','password391'),(392,'Empleado_392','Administrador','password392'),(393,'Empleado_393','Administrador','password393'),(394,'Empleado_394','Administrador','password394'),(395,'Empleado_395','Administrador','password395'),(396,'Empleado_396','Vendedor','password396'),(397,'Empleado_397','Cajero','password397'),(398,'Empleado_398','Administrador','password398'),(399,'Empleado_399','Cajero','password399'),(400,'Empleado_400','Administrador','password400'),(401,'Empleado_401','Vendedor','password401'),(402,'Empleado_402','Administrador','password402'),(403,'Empleado_403','Administrador','password403'),(404,'Empleado_404','Cajero','password404'),(405,'Empleado_405','Administrador','password405'),(406,'Empleado_406','Administrador','password406'),(407,'Empleado_407','Administrador','password407'),(408,'Empleado_408','Vendedor','password408'),(409,'Empleado_409','Cajero','password409'),(410,'Empleado_410','Vendedor','password410'),(411,'Empleado_411','Vendedor','password411'),(412,'Empleado_412','Administrador','password412'),(413,'Empleado_413','Vendedor','password413'),(414,'Empleado_414','Vendedor','password414'),(415,'Empleado_415','Vendedor','password415'),(416,'Empleado_416','Administrador','password416'),(417,'Empleado_417','Cajero','password417'),(418,'Empleado_418','Cajero','password418'),(419,'Empleado_419','Administrador','password419'),(420,'Empleado_420','Vendedor','password420'),(421,'Empleado_421','Vendedor','password421'),(422,'Empleado_422','Cajero','password422'),(423,'Empleado_423','Vendedor','password423'),(424,'Empleado_424','Cajero','password424'),(425,'Empleado_425','Administrador','password425'),(426,'Empleado_426','Vendedor','password426'),(427,'Empleado_427','Vendedor','password427'),(428,'Empleado_428','Cajero','password428'),(429,'Empleado_429','Administrador','password429'),(430,'Empleado_430','Cajero','password430'),(431,'Empleado_431','Administrador','password431'),(432,'Empleado_432','Vendedor','password432'),(433,'Empleado_433','Cajero','password433'),(434,'Empleado_434','Cajero','password434'),(435,'Empleado_435','Administrador','password435'),(436,'Empleado_436','Cajero','password436'),(437,'Empleado_437','Administrador','password437'),(438,'Empleado_438','Cajero','password438'),(439,'Empleado_439','Cajero','password439'),(440,'Empleado_440','Cajero','password440'),(441,'Empleado_441','Cajero','password441'),(442,'Empleado_442','Administrador','password442'),(443,'Empleado_443','Cajero','password443'),(444,'Empleado_444','Administrador','password444'),(445,'Empleado_445','Cajero','password445'),(446,'Empleado_446','Vendedor','password446'),(447,'Empleado_447','Vendedor','password447'),(448,'Empleado_448','Administrador','password448'),(449,'Empleado_449','Cajero','password449'),(450,'Empleado_450','Cajero','password450'),(451,'Empleado_451','Administrador','password451'),(452,'Empleado_452','Cajero','password452'),(453,'Empleado_453','Vendedor','password453'),(454,'Empleado_454','Cajero','password454'),(455,'Empleado_455','Cajero','password455'),(456,'Empleado_456','Cajero','password456'),(457,'Empleado_457','Vendedor','password457'),(458,'Empleado_458','Vendedor','password458'),(459,'Empleado_459','Vendedor','password459'),(460,'Empleado_460','Vendedor','password460'),(461,'Empleado_461','Administrador','password461'),(462,'Empleado_462','Administrador','password462'),(463,'Empleado_463','Cajero','password463'),(464,'Empleado_464','Vendedor','password464'),(465,'Empleado_465','Administrador','password465'),(466,'Empleado_466','Cajero','password466'),(467,'Empleado_467','Cajero','password467'),(468,'Empleado_468','Administrador','password468'),(469,'Empleado_469','Vendedor','password469'),(470,'Empleado_470','Administrador','password470'),(471,'Empleado_471','Administrador','password471'),(472,'Empleado_472','Vendedor','password472'),(473,'Empleado_473','Vendedor','password473'),(474,'Empleado_474','Vendedor','password474'),(475,'Empleado_475','Administrador','password475'),(476,'Empleado_476','Administrador','password476'),(477,'Empleado_477','Cajero','password477'),(478,'Empleado_478','Vendedor','password478'),(479,'Empleado_479','Administrador','password479'),(480,'Empleado_480','Administrador','password480'),(481,'Empleado_481','Vendedor','password481'),(482,'Empleado_482','Vendedor','password482'),(483,'Empleado_483','Cajero','password483'),(484,'Empleado_484','Administrador','password484'),(485,'Empleado_485','Cajero','password485'),(486,'Empleado_486','Administrador','password486'),(487,'Empleado_487','Vendedor','password487'),(488,'Empleado_488','Administrador','password488'),(489,'Empleado_489','Cajero','password489'),(490,'Empleado_490','Administrador','password490'),(491,'Empleado_491','Cajero','password491'),(492,'Empleado_492','Cajero','password492'),(493,'Empleado_493','Vendedor','password493'),(494,'Empleado_494','Vendedor','password494'),(495,'Empleado_495','Vendedor','password495'),(496,'Empleado_496','Vendedor','password496'),(497,'Empleado_497','Administrador','password497'),(498,'Empleado_498','Vendedor','password498'),(499,'Empleado_499','Cajero','password499'),(500,'Empleado_500','Cajero','password500');
/*!40000 ALTER TABLE `empleados` ENABLE KEYS */;
UNLOCK TABLES;

--
-- Table structure for table `pagos`
--

DROP TABLE IF EXISTS `pagos`;
/*!40101 SET @saved_cs_client     = @@character_set_client */;
/*!50503 SET character_set_client = utf8mb4 */;
CREATE TABLE `pagos` (
  `id_pago` int NOT NULL AUTO_INCREMENT,
  `id_contrato` int NOT NULL,
  `id_cliente` int NOT NULL,
  `monto` decimal(10,2) NOT NULL,
  `fecha_pago` datetime NOT NULL DEFAULT CURRENT_TIMESTAMP,
  `tipo_pago` enum('Efectivo','Tarjeta','Transferencia') NOT NULL,
  `estado_pago` enum('Pendiente','Completado','Rechazado') NOT NULL DEFAULT 'Pendiente',
  PRIMARY KEY (`id_pago`),
  KEY `id_contrato` (`id_contrato`),
  KEY `id_cliente` (`id_cliente`),
  CONSTRAINT `pagos_ibfk_1` FOREIGN KEY (`id_contrato`) REFERENCES `contratos` (`id_contrato`) ON DELETE CASCADE,
  CONSTRAINT `pagos_ibfk_2` FOREIGN KEY (`id_cliente`) REFERENCES `clientes` (`id_cliente`) ON DELETE CASCADE
) ENGINE=InnoDB AUTO_INCREMENT=501 DEFAULT CHARSET=utf8mb4 COLLATE=utf8mb4_0900_ai_ci;
/*!40101 SET character_set_client = @saved_cs_client */;

--
-- Dumping data for table `pagos`
--

LOCK TABLES `pagos` WRITE;
/*!40000 ALTER TABLE `pagos` DISABLE KEYS */;
/*!40000 ALTER TABLE `pagos` ENABLE KEYS */;
UNLOCK TABLES;

--
-- Table structure for table `vehiculos`
--

DROP TABLE IF EXISTS `vehiculos`;
/*!40101 SET @saved_cs_client     = @@character_set_client */;
/*!50503 SET character_set_client = utf8mb4 */;
CREATE TABLE `vehiculos` (
  `id_vehiculo` int NOT NULL AUTO_INCREMENT,
  `marca` varchar(50) NOT NULL,
  `modelo` varchar(50) NOT NULL,
  `precio_por_dia` decimal(10,2) NOT NULL,
  `disponibilidad` varchar(20) DEFAULT NULL,
  PRIMARY KEY (`id_vehiculo`)
) ENGINE=InnoDB AUTO_INCREMENT=511 DEFAULT CHARSET=utf8mb4 COLLATE=utf8mb4_0900_ai_ci;
/*!40101 SET character_set_client = @saved_cs_client */;

--
-- Dumping data for table `vehiculos`
--

LOCK TABLES `vehiculos` WRITE;
/*!40000 ALTER TABLE `vehiculos` DISABLE KEYS */;
INSERT INTO `vehiculos` VALUES (1,'Honda','Focus',44.56,'Disponible'),(2,'Ford','Focus',52.64,'Disponible'),(3,'Honda','Malibu',47.27,'Disponible'),(4,'Honda','Focus',69.63,'Disponible'),(5,'Honda','Malibu',45.71,'Disponible'),(6,'Nissan','Civic',48.46,'Disponible'),(7,'Nissan','Corolla',49.61,'Disponible'),(8,'Ford','Sentra',42.55,'Disponible'),(9,'Chevrolet','Sentra',46.76,'Disponible'),(10,'Honda','Malibu',50.94,'Disponible'),(11,'Ford','Civic',50.34,'Disponible'),(12,'Honda','Focus',54.60,'No Disponible'),(13,'Nissan','Malibu',41.88,'Disponible'),(14,'Nissan','Sentra',41.06,'No Disponible'),(15,'Nissan','Civic',42.04,'Disponible'),(16,'Ford','Sentra',53.83,'Disponible'),(17,'Ford','Civic',57.69,'Disponible'),(18,'Toyota','Corolla',68.14,'Disponible'),(19,'Honda','Civic',68.77,'Disponible'),(20,'Toyota','Civic',69.99,'No Disponible'),(21,'Nissan','Civic',44.96,'Disponible'),(22,'Ford','Corolla',60.69,'Disponible'),(23,'Honda','Focus',43.92,'Disponible'),(24,'Ford','Civic',40.11,'Disponible'),(25,'Toyota','Civic',58.72,'Disponible'),(26,'Toyota','Focus',61.79,'Disponible'),(27,'Nissan','Civic',58.92,'No Disponible'),(28,'Nissan','Civic',54.15,'Disponible'),(29,'Honda','Civic',59.49,'Disponible'),(30,'Toyota','Malibu',59.65,'Disponible'),(31,'Honda','Sentra',41.19,'No Disponible'),(32,'Chevrolet','Focus',57.34,'Disponible'),(33,'Chevrolet','Corolla',41.25,'Disponible'),(34,'Toyota','Sentra',55.27,'No Disponible'),(35,'Honda','Corolla',47.20,'No Disponible'),(36,'Chevrolet','Sentra',44.04,'Disponible'),(37,'Honda','Malibu',63.45,'No Disponible'),(38,'Toyota','Malibu',45.53,'Disponible'),(39,'Honda','Malibu',67.14,'No Disponible'),(40,'Nissan','Malibu',51.87,'Disponible'),(41,'Toyota','Malibu',53.78,'Disponible'),(42,'Honda','Sentra',55.87,'Disponible'),(43,'Chevrolet','Corolla',47.36,'Disponible'),(44,'Toyota','Corolla',49.07,'No Disponible'),(45,'Toyota','Focus',66.52,'Disponible'),(46,'Ford','Sentra',61.22,'Disponible'),(47,'Chevrolet','Focus',69.29,'Disponible'),(48,'Chevrolet','Corolla',59.61,'Disponible'),(49,'Toyota','Malibu',43.05,'Disponible'),(50,'Chevrolet','Civic',67.91,'Disponible'),(51,'Nissan','Civic',64.75,'Disponible'),(52,'Chevrolet','Civic',60.28,'Disponible'),(53,'Honda','Malibu',41.06,'Disponible'),(54,'Honda','Focus',50.30,'Disponible'),(55,'Honda','Corolla',66.81,'Disponible'),(56,'Toyota','Malibu',61.80,'No Disponible'),(57,'Ford','Corolla',66.54,'Disponible'),(58,'Honda','Corolla',58.50,'Disponible'),(59,'Ford','Malibu',65.13,'Disponible'),(60,'Ford','Civic',52.53,'Disponible'),(61,'Honda','Focus',53.53,'Disponible'),(62,'Ford','Malibu',65.78,'Disponible'),(63,'Toyota','Corolla',45.39,'Disponible'),(64,'Toyota','Sentra',69.35,'No Disponible'),(65,'Honda','Civic',69.36,'Disponible'),(66,'Chevrolet','Malibu',52.54,'No Disponible'),(67,'Honda','Malibu',43.36,'Disponible'),(68,'Chevrolet','Corolla',55.59,'No Disponible'),(69,'Ford','Focus',45.56,'Disponible'),(70,'Chevrolet','Focus',55.92,'Disponible'),(71,'Ford','Malibu',68.68,'Disponible'),(72,'Ford','Sentra',68.80,'Disponible'),(73,'Nissan','Civic',63.88,'Disponible'),(74,'Nissan','Civic',48.67,'Disponible'),(75,'Nissan','Sentra',58.45,'Disponible'),(76,'Chevrolet','Sentra',55.39,'Disponible'),(77,'Nissan','Focus',44.56,'Disponible'),(78,'Chevrolet','Malibu',56.59,'Disponible'),(79,'Chevrolet','Malibu',52.43,'Disponible'),(80,'Toyota','Civic',49.71,'Disponible'),(81,'Nissan','Malibu',53.62,'Disponible'),(82,'Honda','Malibu',53.48,'Disponible'),(83,'Chevrolet','Sentra',50.31,'Disponible'),(84,'Honda','Malibu',53.62,'Disponible'),(85,'Chevrolet','Malibu',66.76,'Disponible'),(86,'Chevrolet','Civic',47.05,'Disponible'),(87,'Chevrolet','Focus',51.21,'No Disponible'),(88,'Nissan','Civic',43.91,'Disponible'),(89,'Nissan','Sentra',51.74,'No Disponible'),(90,'Chevrolet','Sentra',59.31,'No Disponible'),(91,'Nissan','Sentra',40.98,'Disponible'),(92,'Toyota','Sentra',41.54,'Disponible'),(93,'Chevrolet','Malibu',68.33,'No Disponible'),(94,'Nissan','Malibu',61.20,'Disponible'),(95,'Nissan','Malibu',67.56,'Disponible'),(96,'Nissan','Corolla',64.66,'Disponible'),(97,'Chevrolet','Focus',55.89,'Disponible'),(98,'Toyota','Civic',43.25,'Disponible'),(99,'Nissan','Malibu',48.23,'Disponible'),(100,'Ford','Focus',48.38,'Disponible'),(101,'Nissan','Focus',56.95,'Disponible'),(102,'Toyota','Corolla',45.35,'Disponible'),(103,'Honda','Corolla',52.33,'Disponible'),(104,'Ford','Civic',56.47,'Disponible'),(105,'Ford','Sentra',69.64,'Disponible'),(106,'Toyota','Malibu',52.42,'Disponible'),(107,'Honda','Civic',67.73,'Disponible'),(108,'Honda','Malibu',56.47,'Disponible'),(109,'Toyota','Malibu',51.84,'No Disponible'),(110,'Chevrolet','Focus',67.69,'No Disponible'),(111,'Honda','Civic',58.40,'Disponible'),(112,'Honda','Malibu',58.46,'Disponible'),(113,'Nissan','Malibu',52.98,'Disponible'),(114,'Toyota','Sentra',55.13,'No Disponible'),(115,'Ford','Sentra',67.12,'Disponible'),(116,'Toyota','Corolla',46.18,'Disponible'),(117,'Honda','Malibu',54.42,'Disponible'),(118,'Toyota','Focus',46.84,'Disponible'),(119,'Toyota','Malibu',47.04,'Disponible'),(120,'Honda','Sentra',41.49,'Disponible'),(121,'Ford','Sentra',69.72,'Disponible'),(122,'Chevrolet','Corolla',61.87,'Disponible'),(123,'Chevrolet','Focus',65.93,'Disponible'),(124,'Nissan','Focus',53.54,'Disponible'),(125,'Honda','Civic',63.51,'Disponible'),(126,'Toyota','Malibu',47.88,'Disponible'),(127,'Chevrolet','Malibu',59.45,'Disponible'),(128,'Honda','Civic',42.59,'Disponible'),(129,'Honda','Sentra',44.54,'Disponible'),(130,'Toyota','Sentra',65.96,'Disponible'),(131,'Chevrolet','Malibu',58.46,'Disponible'),(132,'Chevrolet','Malibu',40.22,'No Disponible'),(133,'Chevrolet','Sentra',61.41,'Disponible'),(134,'Toyota','Focus',43.86,'Disponible'),(135,'Nissan','Malibu',51.42,'No Disponible'),(136,'Chevrolet','Focus',45.21,'Disponible'),(137,'Chevrolet','Sentra',62.89,'Disponible'),(138,'Honda','Civic',57.60,'No Disponible'),(139,'Ford','Sentra',53.00,'Disponible'),(140,'Toyota','Malibu',44.58,'Disponible'),(141,'Ford','Civic',48.33,'Disponible'),(142,'Toyota','Sentra',65.05,'No Disponible'),(143,'Honda','Malibu',66.83,'Disponible'),(144,'Ford','Civic',43.56,'Disponible'),(145,'Honda','Sentra',46.67,'No Disponible'),(146,'Nissan','Focus',58.15,'Disponible'),(147,'Ford','Corolla',54.69,'Disponible'),(148,'Toyota','Sentra',69.90,'Disponible'),(149,'Nissan','Corolla',44.48,'Disponible'),(150,'Nissan','Corolla',56.38,'Disponible'),(151,'Honda','Corolla',44.65,'Disponible'),(152,'Ford','Corolla',69.87,'Disponible'),(153,'Chevrolet','Corolla',69.78,'Disponible'),(154,'Chevrolet','Civic',65.58,'Disponible'),(155,'Honda','Corolla',40.39,'Disponible'),(156,'Toyota','Civic',50.78,'Disponible'),(157,'Ford','Corolla',44.93,'Disponible'),(158,'Nissan','Malibu',46.85,'Disponible'),(159,'Chevrolet','Sentra',42.06,'No Disponible'),(160,'Nissan','Malibu',42.44,'Disponible'),(161,'Ford','Sentra',48.24,'No Disponible'),(162,'Ford','Civic',57.91,'Disponible'),(163,'Toyota','Corolla',56.83,'Disponible'),(164,'Honda','Malibu',40.45,'Disponible'),(165,'Honda','Malibu',61.51,'Disponible'),(166,'Honda','Sentra',60.67,'No Disponible'),(167,'Nissan','Corolla',48.50,'No Disponible'),(168,'Chevrolet','Focus',52.25,'Disponible'),(169,'Nissan','Corolla',41.68,'No Disponible'),(170,'Toyota','Civic',45.36,'No Disponible'),(171,'Ford','Malibu',61.14,'Disponible'),(172,'Toyota','Sentra',47.88,'Disponible'),(173,'Nissan','Sentra',41.95,'Disponible'),(174,'Chevrolet','Corolla',40.07,'Disponible'),(175,'Toyota','Corolla',57.36,'Disponible'),(176,'Honda','Corolla',46.89,'No Disponible'),(177,'Nissan','Sentra',68.50,'Disponible'),(178,'Chevrolet','Focus',48.49,'No Disponible'),(179,'Chevrolet','Corolla',43.38,'No Disponible'),(180,'Nissan','Sentra',60.04,'Disponible'),(181,'Nissan','Malibu',40.66,'Disponible'),(182,'Nissan','Corolla',52.11,'Disponible'),(183,'Nissan','Malibu',58.91,'Disponible'),(184,'Honda','Focus',57.15,'Disponible'),(185,'Chevrolet','Sentra',68.72,'Disponible'),(186,'Ford','Sentra',41.74,'No Disponible'),(187,'Toyota','Corolla',49.99,'Disponible'),(188,'Chevrolet','Focus',57.23,'Disponible'),(189,'Ford','Focus',69.67,'Disponible'),(190,'Ford','Sentra',60.15,'Disponible'),(191,'Honda','Malibu',50.10,'Disponible'),(192,'Honda','Malibu',42.35,'Disponible'),(193,'Ford','Corolla',58.61,'Disponible'),(194,'Ford','Focus',52.22,'Disponible'),(195,'Chevrolet','Focus',53.99,'Disponible'),(196,'Honda','Focus',67.98,'No Disponible'),(197,'Honda','Focus',44.82,'Disponible'),(198,'Ford','Civic',55.36,'Disponible'),(199,'Chevrolet','Civic',56.82,'Disponible'),(200,'Toyota','Focus',66.22,'No Disponible'),(201,'Toyota','Civic',50.61,'Disponible'),(202,'Toyota','Corolla',56.07,'Disponible'),(203,'Ford','Civic',42.22,'Disponible'),(204,'Nissan','Sentra',41.04,'Disponible'),(205,'Nissan','Corolla',65.65,'Disponible'),(206,'Ford','Malibu',54.07,'Disponible'),(207,'Ford','Sentra',58.18,'No Disponible'),(208,'Honda','Sentra',64.42,'Disponible'),(209,'Toyota','Corolla',44.77,'Disponible'),(210,'Nissan','Malibu',56.58,'Disponible'),(211,'Ford','Focus',59.89,'Disponible'),(212,'Chevrolet','Corolla',58.41,'Disponible'),(213,'Chevrolet','Corolla',62.86,'Disponible'),(214,'Nissan','Corolla',61.46,'Disponible'),(215,'Nissan','Sentra',59.69,'No Disponible'),(216,'Honda','Corolla',44.17,'No Disponible'),(217,'Honda','Malibu',55.59,'No Disponible'),(218,'Nissan','Malibu',41.08,'Disponible'),(219,'Toyota','Malibu',47.44,'Disponible'),(220,'Ford','Corolla',42.87,'No Disponible'),(221,'Honda','Focus',61.66,'Disponible'),(222,'Toyota','Corolla',66.14,'Disponible'),(223,'Ford','Focus',50.13,'No Disponible'),(224,'Ford','Civic',48.50,'Disponible'),(225,'Ford','Sentra',66.15,'Disponible'),(226,'Toyota','Focus',40.90,'Disponible'),(227,'Nissan','Corolla',60.66,'No Disponible'),(228,'Chevrolet','Sentra',62.13,'Disponible'),(229,'Ford','Malibu',48.16,'Disponible'),(230,'Ford','Malibu',55.65,'Disponible'),(231,'Nissan','Civic',67.84,'Disponible'),(232,'Nissan','Sentra',69.67,'Disponible'),(233,'Chevrolet','Malibu',41.72,'Disponible'),(234,'Ford','Malibu',56.67,'No Disponible'),(235,'Honda','Malibu',67.94,'Disponible'),(236,'Chevrolet','Civic',52.41,'Disponible'),(237,'Chevrolet','Civic',53.66,'Disponible'),(238,'Ford','Malibu',58.70,'Disponible'),(239,'Honda','Civic',69.01,'Disponible'),(240,'Honda','Focus',46.91,'Disponible'),(241,'Ford','Civic',60.62,'Disponible'),(242,'Ford','Corolla',43.95,'Disponible'),(243,'Ford','Sentra',52.84,'Disponible'),(244,'Toyota','Sentra',45.77,'Disponible'),(245,'Nissan','Malibu',49.10,'Disponible'),(246,'Ford','Civic',54.63,'Disponible'),(247,'Chevrolet','Sentra',61.15,'Disponible'),(248,'Chevrolet','Malibu',50.21,'Disponible'),(249,'Toyota','Sentra',57.74,'Disponible'),(250,'Chevrolet','Focus',47.97,'No Disponible'),(251,'Nissan','Civic',45.28,'No Disponible'),(252,'Chevrolet','Civic',67.30,'Disponible'),(253,'Toyota','Civic',66.66,'Disponible'),(254,'Chevrolet','Civic',42.58,'Disponible'),(255,'Toyota','Sentra',56.84,'Disponible'),(256,'Ford','Sentra',55.64,'Disponible'),(257,'Honda','Focus',49.30,'No Disponible'),(258,'Ford','Focus',44.35,'No Disponible'),(259,'Ford','Malibu',57.25,'Disponible'),(260,'Nissan','Malibu',55.39,'Disponible'),(261,'Nissan','Malibu',51.64,'No Disponible'),(262,'Honda','Corolla',55.86,'Disponible'),(263,'Nissan','Malibu',65.76,'Disponible'),(264,'Honda','Focus',60.37,'Disponible'),(265,'Chevrolet','Malibu',49.18,'Disponible'),(266,'Toyota','Focus',69.37,'Disponible'),(267,'Honda','Civic',69.86,'Disponible'),(268,'Nissan','Civic',41.84,'No Disponible'),(269,'Ford','Malibu',52.49,'No Disponible'),(270,'Nissan','Sentra',65.93,'No Disponible'),(271,'Ford','Civic',63.63,'Disponible'),(272,'Chevrolet','Sentra',44.03,'Disponible'),(273,'Honda','Malibu',49.57,'Disponible'),(274,'Ford','Malibu',57.23,'Disponible'),(275,'Ford','Malibu',46.02,'Disponible'),(276,'Chevrolet','Civic',47.73,'Disponible'),(277,'Honda','Sentra',42.52,'No Disponible'),(278,'Toyota','Corolla',69.36,'Disponible'),(279,'Honda','Sentra',65.80,'No Disponible'),(280,'Toyota','Civic',60.30,'Disponible'),(281,'Nissan','Civic',52.44,'No Disponible'),(282,'Ford','Malibu',54.15,'Disponible'),(283,'Nissan','Sentra',44.75,'Disponible'),(284,'Nissan','Sentra',43.91,'Disponible'),(285,'Toyota','Corolla',66.85,'Disponible'),(286,'Chevrolet','Corolla',53.08,'Disponible'),(287,'Ford','Sentra',40.75,'Disponible'),(288,'Nissan','Malibu',47.51,'Disponible'),(289,'Chevrolet','Malibu',66.23,'Disponible'),(290,'Ford','Sentra',59.14,'Disponible'),(291,'Nissan','Corolla',41.40,'Disponible'),(292,'Honda','Focus',47.90,'No Disponible'),(293,'Honda','Focus',56.08,'No Disponible'),(294,'Honda','Civic',56.18,'Disponible'),(295,'Nissan','Sentra',55.69,'Disponible'),(296,'Toyota','Sentra',62.30,'Disponible'),(297,'Chevrolet','Civic',56.54,'Disponible'),(298,'Chevrolet','Focus',67.73,'No Disponible'),(299,'Toyota','Sentra',51.93,'Disponible'),(300,'Honda','Focus',54.18,'No Disponible'),(301,'Toyota','Corolla',66.92,'Disponible'),(302,'Ford','Corolla',54.41,'Disponible'),(303,'Nissan','Focus',42.33,'Disponible'),(304,'Toyota','Civic',62.53,'Disponible'),(305,'Ford','Corolla',47.33,'Disponible'),(306,'Ford','Civic',40.91,'Disponible'),(307,'Nissan','Civic',57.35,'Disponible'),(308,'Chevrolet','Sentra',66.01,'No Disponible'),(309,'Honda','Civic',57.95,'Disponible'),(310,'Chevrolet','Focus',69.65,'Disponible'),(311,'Toyota','Malibu',56.39,'Disponible'),(312,'Toyota','Malibu',51.57,'Disponible'),(313,'Nissan','Malibu',40.29,'Disponible'),(314,'Honda','Civic',41.40,'Disponible'),(315,'Chevrolet','Corolla',48.42,'Disponible'),(316,'Ford','Focus',52.83,'Disponible'),(317,'Chevrolet','Corolla',69.25,'Disponible'),(318,'Ford','Civic',64.56,'No Disponible'),(319,'Ford','Corolla',63.46,'Disponible'),(320,'Toyota','Civic',67.29,'Disponible'),(321,'Chevrolet','Focus',60.11,'No Disponible'),(322,'Honda','Malibu',47.14,'Disponible'),(323,'Ford','Sentra',51.21,'Disponible'),(324,'Ford','Civic',66.63,'Disponible'),(325,'Ford','Civic',47.65,'No Disponible'),(326,'Chevrolet','Focus',57.08,'Disponible'),(327,'Chevrolet','Focus',57.95,'Disponible'),(328,'Ford','Civic',42.45,'Disponible'),(329,'Ford','Corolla',57.25,'Disponible'),(330,'Toyota','Malibu',57.69,'No Disponible'),(331,'Chevrolet','Malibu',59.67,'Disponible'),(332,'Chevrolet','Corolla',44.85,'Disponible'),(333,'Chevrolet','Corolla',49.47,'Disponible'),(334,'Toyota','Civic',46.64,'No Disponible'),(335,'Honda','Sentra',50.42,'Disponible'),(336,'Ford','Malibu',46.22,'No Disponible'),(337,'Toyota','Malibu',40.19,'Disponible'),(338,'Nissan','Malibu',52.08,'Disponible'),(339,'Honda','Focus',57.03,'Disponible'),(340,'Honda','Focus',42.28,'No Disponible'),(341,'Ford','Corolla',43.98,'Disponible'),(342,'Chevrolet','Focus',50.72,'No Disponible'),(343,'Chevrolet','Sentra',64.57,'Disponible'),(344,'Toyota','Focus',68.97,'Disponible'),(345,'Toyota','Corolla',67.47,'Disponible'),(346,'Nissan','Focus',64.47,'Disponible'),(347,'Honda','Focus',59.57,'Disponible'),(348,'Ford','Sentra',60.24,'Disponible'),(349,'Chevrolet','Corolla',56.49,'Disponible'),(350,'Toyota','Corolla',66.13,'Disponible'),(351,'Toyota','Sentra',46.71,'Disponible'),(352,'Chevrolet','Civic',46.01,'No Disponible'),(353,'Nissan','Malibu',58.32,'Disponible'),(354,'Toyota','Sentra',46.54,'Disponible'),(355,'Honda','Focus',49.85,'No Disponible'),(356,'Nissan','Focus',67.17,'No Disponible'),(357,'Toyota','Civic',42.83,'Disponible'),(358,'Honda','Sentra',68.31,'Disponible'),(359,'Nissan','Sentra',40.60,'Disponible'),(360,'Ford','Corolla',54.20,'Disponible'),(361,'Chevrolet','Malibu',62.73,'No Disponible'),(362,'Honda','Civic',55.06,'Disponible'),(363,'Ford','Malibu',63.79,'Disponible'),(364,'Toyota','Malibu',50.71,'Disponible'),(365,'Toyota','Corolla',48.01,'Disponible'),(366,'Chevrolet','Sentra',59.92,'Disponible'),(367,'Ford','Sentra',45.35,'Disponible'),(368,'Ford','Corolla',51.34,'Disponible'),(369,'Chevrolet','Focus',45.15,'Disponible'),(370,'Ford','Focus',49.07,'Disponible'),(371,'Ford','Corolla',62.90,'Disponible'),(372,'Ford','Corolla',51.56,'Disponible'),(373,'Ford','Focus',49.42,'Disponible'),(374,'Chevrolet','Corolla',55.44,'No Disponible'),(375,'Ford','Focus',43.48,'Disponible'),(376,'Ford','Malibu',43.59,'Disponible'),(377,'Chevrolet','Malibu',60.65,'Disponible'),(378,'Toyota','Malibu',51.46,'Disponible'),(379,'Ford','Corolla',49.72,'Disponible'),(380,'Toyota','Focus',44.38,'Disponible'),(381,'Honda','Civic',64.10,'No Disponible'),(382,'Chevrolet','Corolla',62.77,'Disponible'),(383,'Chevrolet','Civic',48.71,'Disponible'),(384,'Chevrolet','Civic',43.39,'Disponible'),(385,'Honda','Focus',45.74,'Disponible'),(386,'Nissan','Focus',56.14,'Disponible'),(387,'Ford','Focus',69.99,'Disponible'),(388,'Honda','Focus',50.71,'Disponible'),(389,'Honda','Malibu',55.28,'Disponible'),(390,'Ford','Civic',63.97,'Disponible'),(391,'Honda','Corolla',65.40,'Disponible'),(392,'Toyota','Corolla',59.35,'No Disponible'),(393,'Nissan','Corolla',58.93,'Disponible'),(394,'Nissan','Corolla',46.79,'No Disponible'),(395,'Nissan','Corolla',56.25,'Disponible'),(396,'Honda','Focus',55.09,'No Disponible'),(397,'Ford','Sentra',60.69,'Disponible'),(398,'Honda','Malibu',63.25,'No Disponible'),(399,'Honda','Focus',68.95,'Disponible'),(400,'Toyota','Focus',48.18,'Disponible'),(401,'Nissan','Malibu',49.87,'Disponible'),(402,'Nissan','Sentra',64.57,'Disponible'),(403,'Toyota','Corolla',48.57,'No Disponible'),(404,'Toyota','Corolla',59.54,'Disponible'),(405,'Honda','Malibu',46.67,'Disponible'),(406,'Honda','Malibu',56.63,'No Disponible'),(407,'Ford','Corolla',42.65,'Disponible'),(408,'Chevrolet','Focus',51.13,'No Disponible'),(409,'Honda','Sentra',43.94,'Disponible'),(410,'Chevrolet','Sentra',40.93,'Disponible'),(411,'Chevrolet','Civic',69.69,'Disponible'),(412,'Toyota','Civic',69.39,'No Disponible'),(413,'Honda','Corolla',64.71,'Disponible'),(414,'Ford','Malibu',46.09,'Disponible'),(415,'Nissan','Corolla',67.68,'Disponible'),(416,'Ford','Civic',41.99,'Disponible'),(417,'Honda','Malibu',40.52,'Disponible'),(418,'Toyota','Corolla',56.48,'Disponible'),(419,'Nissan','Focus',42.30,'No Disponible'),(420,'Honda','Corolla',65.00,'Disponible'),(421,'Honda','Malibu',58.00,'Disponible'),(422,'Ford','Malibu',47.52,'Disponible'),(423,'Nissan','Malibu',50.17,'No Disponible'),(424,'Ford','Corolla',69.70,'Disponible'),(425,'Ford','Focus',42.11,'Disponible'),(426,'Nissan','Sentra',69.11,'Disponible'),(427,'Chevrolet','Malibu',44.59,'Disponible'),(428,'Ford','Malibu',67.60,'No Disponible'),(429,'Ford','Focus',44.25,'No Disponible'),(430,'Nissan','Sentra',42.62,'Disponible'),(431,'Chevrolet','Corolla',55.26,'Disponible'),(432,'Chevrolet','Civic',50.53,'No Disponible'),(433,'Toyota','Sentra',46.58,'Disponible'),(434,'Ford','Civic',62.45,'Disponible'),(435,'Toyota','Corolla',69.28,'Disponible'),(436,'Honda','Civic',43.48,'Disponible'),(437,'Chevrolet','Corolla',62.77,'Disponible'),(438,'Ford','Sentra',68.51,'Disponible'),(439,'Chevrolet','Civic',53.04,'Disponible'),(440,'Honda','Focus',42.15,'Disponible'),(441,'Ford','Corolla',52.04,'Disponible'),(442,'Honda','Corolla',65.56,'Disponible'),(443,'Toyota','Focus',62.89,'Disponible'),(444,'Honda','Corolla',59.81,'Disponible'),(445,'Ford','Sentra',60.50,'Disponible'),(446,'Chevrolet','Sentra',66.32,'Disponible'),(447,'Nissan','Civic',56.26,'Disponible'),(448,'Chevrolet','Sentra',64.01,'Disponible'),(449,'Honda','Sentra',59.63,'No Disponible'),(450,'Nissan','Malibu',59.18,'Disponible'),(451,'Honda','Sentra',48.96,'No Disponible'),(452,'Nissan','Civic',60.06,'No Disponible'),(453,'Chevrolet','Malibu',43.37,'Disponible'),(454,'Toyota','Corolla',49.75,'Disponible'),(455,'Toyota','Malibu',50.78,'No Disponible'),(456,'Nissan','Malibu',66.43,'Disponible'),(457,'Ford','Civic',43.04,'Disponible'),(458,'Toyota','Civic',53.42,'No Disponible'),(459,'Chevrolet','Civic',45.16,'Disponible'),(460,'Toyota','Focus',63.18,'Disponible'),(461,'Ford','Corolla',41.86,'Disponible'),(462,'Chevrolet','Civic',60.65,'Disponible'),(463,'Ford','Sentra',41.37,'Disponible'),(464,'Chevrolet','Corolla',67.82,'No Disponible'),(465,'Chevrolet','Civic',50.58,'No Disponible'),(466,'Honda','Civic',67.21,'Disponible'),(467,'Honda','Focus',55.38,'No Disponible'),(468,'Ford','Malibu',50.23,'Disponible'),(469,'Honda','Sentra',53.65,'Disponible'),(470,'Toyota','Civic',54.27,'Disponible'),(471,'Nissan','Focus',48.23,'Disponible'),(472,'Honda','Corolla',57.96,'Disponible'),(473,'Ford','Focus',42.45,'Disponible'),(474,'Toyota','Sentra',57.31,'Disponible'),(475,'Honda','Malibu',47.48,'Disponible'),(476,'Nissan','Civic',64.76,'Disponible'),(477,'Ford','Focus',67.04,'No Disponible'),(478,'Nissan','Civic',48.49,'Disponible'),(479,'Toyota','Focus',43.03,'No Disponible'),(480,'Nissan','Focus',60.62,'Disponible'),(481,'Ford','Corolla',57.36,'Disponible'),(482,'Chevrolet','Civic',63.83,'No Disponible'),(483,'Toyota','Malibu',55.97,'Disponible'),(484,'Nissan','Civic',46.71,'No Disponible'),(485,'Toyota','Civic',58.75,'Disponible'),(486,'Nissan','Sentra',48.14,'Disponible'),(487,'Ford','Civic',54.64,'Disponible'),(488,'Ford','Focus',50.41,'Disponible'),(489,'Ford','Malibu',54.15,'Disponible'),(490,'Ford','Malibu',59.80,'Disponible'),(491,'Nissan','Malibu',45.52,'No Disponible'),(492,'Honda','Corolla',58.98,'Disponible'),(493,'Toyota','Malibu',44.64,'No Disponible'),(494,'Ford','Corolla',62.87,'Disponible'),(495,'Nissan','Sentra',69.49,'No Disponible'),(496,'Ford','Sentra',52.40,'No Disponible'),(497,'Ford','Corolla',45.10,'Disponible'),(498,'Ford','Focus',66.39,'Disponible'),(499,'Nissan','Civic',68.37,'Disponible'),(500,'Chevrolet','Sentra',44.55,'Disponible'),(501,'Ford','Civic',51.19,'Disponible'),(502,'Ford','Civic',58.60,'Disponible'),(503,'Ford','Civic',54.41,'Disponible'),(504,'Honda','Focus',54.37,'Disponible'),(505,'Chevrolet','Malibu',51.11,'Disponible'),(506,'Toyota','Civic',45.72,'Disponible'),(507,'Ford','Corolla',52.08,'Disponible'),(508,'Chevrolet','Civic',60.17,'Disponible'),(509,'Ford','Focus',68.46,'Disponible'),(510,'Honda','Sentra',67.42,'Disponible');
/*!40000 ALTER TABLE `vehiculos` ENABLE KEYS */;
UNLOCK TABLES;
/*!40103 SET TIME_ZONE=@OLD_TIME_ZONE */;

/*!40101 SET SQL_MODE=@OLD_SQL_MODE */;
/*!40014 SET FOREIGN_KEY_CHECKS=@OLD_FOREIGN_KEY_CHECKS */;
/*!40014 SET UNIQUE_CHECKS=@OLD_UNIQUE_CHECKS */;
/*!40101 SET CHARACTER_SET_CLIENT=@OLD_CHARACTER_SET_CLIENT */;
/*!40101 SET CHARACTER_SET_RESULTS=@OLD_CHARACTER_SET_RESULTS */;
/*!40101 SET COLLATION_CONNECTION=@OLD_COLLATION_CONNECTION */;
/*!40111 SET SQL_NOTES=@OLD_SQL_NOTES */;

-- Dump completed on 2025-03-22  7:13:20
